conference_name,priority_level,attendees_500_plus,academic_acceptance_level,submission_tracks,travel_accommodation_sponsorship,cfp_deadline_MM-DD,cft_deadline_MM-DD,cfw_deadline_MM-DD,cfv_deadline_MM-DD,conference_start_date,conference_end_date,city,country,website,cfp_link,cft_link,cfw_link,cfv_link,conference_type,timezone,notes,last_verified_date,venue_pattern
0xCC,Medium,No,Industry,,Yes,TBD,TBD,TBD,TBD,2025-06-13,2025-06-14,Melbourne,Australia,https://0xcc.sh/,,,,,In-Person,Australia/Melbourne,Free cybersecurity training conference by women for women anyone who identifies as a woman; annual; history: since 2019; src: https://events.humanitix.com/0xcc-2025 https://www.linkedin.com/company/0xcc/,2026-06-01,Mostly Fixed
8.8 Unreal Chile,High,Yes,Mixed,,Unknown,08-10,TBD,TBD,TBD,2026-10-01,2026-10-02,Santiago,Chile,,https://www.papercall.io/8dot8-unreal-chile,,,,In-Person,America/Santiago,8.8 Unreal 2026 8.8 Computer Security Conference 16th year; Teatro Fundación CorpArtes CA660 Rosario Norte 660 Las Condes; theme 8.8 Unreal confías en lo que ves GenAI; CFP open PaperCall closes 13:25 UTC; src: https://cfp.8dot8.org/ https://unreal.8dot8.org/ https://welcu.com/8dot8/88-unreal-2026/,2026-06-01,Mostly Fixed
[un]prompted,High,Yes,Industry,,Unknown,08-07,TBD,TBD,TBD,2026-09-07,2026-09-10,San Francisco,United States,https://unpromptedcon.org,https://unpromptedcon.org/call-for-papers/,,,,In-Person,America/Los_Angeles,AI security practitioner conference nonprofit volunteer-run; second edition per official CFP; CFP closes notifications early registration until; six tracks offense defense program building policy demos encouraged; src: https://unpromptedcon.org/abstract-march2026/ https://www.linkedin.com/company/unpromptedcon/,2026-06-01,Fixed
ACM AsiaCCS,High,Yes,Academic,,Unknown,12-12,TBD,TBD,TBD,2026-06-01,2026-06-05,Bangalore,India,https://asiaccs2026.cse.iitkgp.ac.in/important-dates/,,,,,In-Person,Asia/Kolkata,Official ASIACCS 2026 site lists conference dates in,2026-03-31,Rotating
ACM CCS,High,Yes,Academic,,Unknown,01-14,TBD,TBD,TBD,2026-11-15,2026-11-19,The Hague,Netherlands,https://www.sigsac.org,https://www.sigsac.org/ccs/CCS2026/call-for/call-for-papers.html,,,,In-Person,Europe/Amsterdam,Official CCS 2026 site lists conference dates in,2026-03-31,Rotating
ACM CoNEXT,Medium,Yes,Academic,,Unknown,12-12,TBD,TBD,TBD,2026-12-07,2026-12-11,Utrecht,Netherlands,https://conferences.sigcomm.org/co-next/2026/,,,,,In-Person,Europe/Amsterdam,Primary submission round has deadline and conference dates are listed on official site,2026-03-30,Rotating
ACM IMC,High,Yes,Academic,,Unknown,04-29,TBD,TBD,TBD,2026-10-12,2026-10-16,Karlsruhe,Germany,https://conferences.sigcomm.org,https://conferences.sigcomm.org/imc/2026/cfp/,,,,In-Person,Europe/Berlin,Two-cycle CFP with cycle 2 paper deadline and replicability track available,2026-03-30,Rotating
ACSAC,Medium,Yes,Academic,,Unknown,TBD,TBD,TBD,TBD,2026-12-07,2026-12-11,Los Angeles,United States,https://www.acsac.org/,,,https://www.acsac.org/,,In-Person,America/Los_Angeles,2026 edition confirmed in CA; 2026 CFP not yet announced (2025 deadline was ),2026-04-01,Rotating
Adversary Village at DEF CON 34,High,Unknown,Industry,Villages,Unknown,05-31,TBD,TBD,TBD,2026-08-07,2026-08-09,Las Vegas,United States,https://adversaryvillage.org,https://adversaryvillage.org/call-for-papers/,,,,In-Person,America/New_York,Catalog entry verified,2026-06-05,Unknown
Africa Cyber Defense Summit,Low,Yes,Industry,,Yes,TBD,TBD,TBD,TBD,2024-06-01,2024-06-30,Nairobi,Kenya,https://www.africacyberdefense.com/,,,,,In-Person,Africa/Nairobi,Added from requested 2024 conference list,2026-03-30,Unknown
Africahackon,Low,Yes,Industry,CTF,Unknown,TBD,TBD,TBD,TBD,2026-08-13,2026-08-15,Nairobi,Kenya,https://www.africahackon.com/,,,https://www.africahackon.com/,,In-Person,Africa/Nairobi,2026 dates at Sarit Expo Centre Westlands; CFP deadline not yet published,2026-04-01,Unknown
AI Security Summit London,Medium,Yes,Industry,,Unknown,04-17,TBD,TBD,TBD,2026-05-14,2026-05-14,London,United Kingdom,,https://sessionize.com/ai-security-summit-london/,,,,In-Person,Europe/London,AISS 2026 Practitioner Track CodeNode 10 South Pl; 20 min demo-first talks; CFP closed; part of 5-city 2026 season on aisecuritysummit.com; src: https://www.linkedin.com/company/the-ai-security-summit/,2026-06-01,Rotating
AI Security Summit Paris,Medium,Yes,Industry,,Unknown,06-16,TBD,TBD,TBD,2026-07-07,2026-07-07,Paris,France,,https://sessionize.com/ai-security-summit-paris/,,,,In-Person,Europe/Paris,AISS 2026 Leadership Track Pavillon Vendôme; alongside RAISE Summit; 35 min talks lightning workshops; CFP open closes; EU AI Act governance focus; src: https://aisecuritysummit.com/,2026-06-01,Rotating
AI Security Summit San Francisco,High,Yes,Industry,,Unknown,08-31,TBD,TBD,TBD,2026-10-15,2026-10-15,San Francisco,United States,,https://sessionize.com/ai-security-summit-san-francisco/,,,,In-Person,America/Los_Angeles,AISS 2026 flagship Westin St Francis 335 Powell St; Leadership and Practitioner tracks one day; CFP open closes; 20 min practitioner talks; 2026 season also Nordics and Sydney Sep TBC; src: https://www.linkedin.com/company/the-ai-security-summit/,2026-06-01,Rotating
AMTSO Cyber Research Conference 2026,Medium,Unknown,Industry,,Unknown,03-31,TBD,TBD,TBD,2026-10-20,2026-10-21,Brussels,Belgium,https://www.amtso.org/special-events/amtso-cyber-research-conference-2026/,,,,,In-Person,TBD,Catalog entry verified,2026-06-05,Unknown
APAC DFIR Summit and Cyber Security Training,Medium,Yes,Industry,,Yes,TBD,TBD,TBD,TBD,2024-09-06,2024-09-14,Tokyo,Japan,https://www.sans.org/,,https://www.sans.org/,,,In-Person,Asia/Tokyo,Added from requested 2024 conference list,2026-03-30,Unknown
AppSec Days Singapore,Medium,Yes,Industry,,Unknown,TBD,TBD,TBD,TBD,2025-09-12,2025-09-13,Singapore,Singapore,https://singapore.appsecdays.org/,,,https://singapore.appsecdays.org/,,In-Person,Asia/Singapore,2025 dates Sep; accepts CFP historically via Sessionize; no 2026 edition announced yet,2026-04-01,Mostly Fixed
AppSec Village @ DEF CON,High,Yes,Industry,Panels,Unknown,05-31,TBD,TBD,TBD,2026-08-06,2026-08-09,Las Vegas,United States,,https://sessionize.com/appsec-village-def-con-34/,,,,In-Person,America/Los_Angeles,DEF CON 34 village Convention Center; blind-review CFP Sessionize opened closed PDT; talks panels workshops POD activities in-person; actively seeks underrepresented and first-time speakers; volunteer 501c3; src: https://www.appsecvillage.com/cfp,2026-06-01,Mostly Fixed
Area41,High,Yes,Industry,Villages,Partial,04-12,TBD,TBD,TBD,2026-06-18,2026-06-19,Zürich,Switzerland,https://area41.io/,https://cfp.a41con.ch/2026/cfp,,,,In-Person,Europe/Zurich,technical infosec conference by Swiss DEF CON chapter DC4131 formerly hashdays; biennial; 16th edition 0x10 at TheHall Stettbach; 600 cap officially sold out Jun 2026; agenda live #day1 six hands-on villages; CFP closed; history: since 2010; src: https://www.linkedin.com/company/area41-security-conference/,2026-06-01,Mostly Fixed
ATT&CKcon,High,Unknown,Industry,,Unknown,07-03,TBD,TBD,TBD,2026-10-27,2026-10-28,McLean,United States,https://www.openconf.org/ATTACKcon2026/,,,,,In-Person,America/New_York,Catalog entry verified,2026-06-05,Unknown
AVTOKYO,Medium,No,Industry,,Partial,09-26,TBD,TBD,TBD,2026-11-21,2026-11-21,Tokyo,Japan,https://www.avtokyo.org,https://www.avtokyo.org/avtokyo2026/cfp,,,,In-Person,Asia/Tokyo,2026 community Japanese computer security evening no drink no hack TK NIGHTCLUB Shibuya; CFP Google Form closes 23:59 JST long 30 min short 10 min; history: since 2008; src: https://www.avtokyo.org/avtokyo2026/ https://forms.gle/YmqUuh2WsUAEeZjr8,2026-10-04,Mostly Fixed
BalCCon,Medium,Unknown,Industry,,Partial,06-30,TBD,TBD,TBD,2026-09-18,2026-09-20,Novi Sad,Serbia,https://balccon.org,,,,,In-Person,Europe/Belgrade,Catalog entry verified,2026-06-05,Unknown
Beacon,Medium,No,Industry,,Unknown,TBD,TBD,TBD,TBD,2026-09-23,2026-09-23,London,United Kingdom,https://beac0n.org/,,,,,In-Person,Europe/London,red team community conference annual summit Wed per beac0n.org; offensive security EDR evasion stealth masterclasses; nonprofit; hosts C2 User Group; no public CFP portal; tickets Eventbrite; rotating venues; history: since 2022; src: https://www.linkedin.com/company/wearebeacon/,2026-07-03,Rotating
BHack Brazil,Medium,Yes,Industry,CTF|Villages,Unknown,TBD,TBD,TBD,TBD,2025-12-06,2025-12-07,Belo Horizonte,Brazil,https://bhack.com.br/,,,,,In-Person,America/Sao_Paulo,Annual information security conference; 15th edition MinasCentro Rua dos Guajajáras 1022; talks CTF villages workshops; major national circuit event; no public CfP portal contact contato@bhack.com.br; history: since 2012; src: https://www.linkedin.com/company/bhack/,2026-06-04,Fixed
Black Alps,High,Yes,Industry,CTF,Partial,06-30,TBD,TBD,TBD,2026-11-05,2026-11-06,Yverdon-les-Bains,Switzerland,,https://pretalx.com/blackalps-2026/cfp/,,,,In-Person,Europe/Zurich,Nonprofit Swiss cybersecurity conference; La Marive 600+ attendees 20+ talks CTF networking dinners; CFP open Pretalx until 30-min English talks plus student track; 2025 cycle closed; history: since 2017; src: https://blackalps.ch/ba-26/home https://www.linkedin.com/company/blackalps/,2026-06-04,Fixed
Black Hat Asia,High,Yes,Industry,,Yes,12-11,09-01,TBD,TBD,2026-04-21,2026-04-24,Singapore,Singapore,https://blackhat.com/asia-26/,https://asia-briefings-cfp.blackhat.com/,https://asia-trainings-cfp.blackhat.com/,,,In-Person,Asia/Singapore,Merged Black Hat Asia briefings + trainings; Marina Bay Sands; trainings CFP closed briefings CFP closed; briefings portal,2026-06-01,Mostly Fixed
Black Hat Europe,High,Yes,Industry,,Yes,08-11,03-31,TBD,TBD,2026-12-07,2026-12-10,London,United Kingdom,https://blackhat.com/upcoming.html,,https://europe-trainings-cfp.blackhat.com/,,,In-Person,Europe/London,Estimated from 2025 official Black Hat Europe CFP cycle; 2026 dates verified on official Black Hat Upcoming page,2026-03-30,Mostly Fixed
Black Hat India,High,Yes,Industry,,Unknown,TBD,TBD,TBD,TBD,2026-10-27,2026-10-30,Bengaluru,India,https://www.blackhat-india.com/,,,,,In-Person,Asia/Kolkata,2026 debut Sheraton Grand; trainings Tue-Wed briefings Thu-Fri Summit Day in program; CfP/CfT portals not on blackhat.com call-for-papers yet Jun 2026; registrations open soon per /,2026-06-01,Fixed
Black Hat MEA,High,Yes,Industry,,Yes,08-31,TBD,TBD,TBD,2026-12-01,2026-12-03,Riyadh,Saudi Arabia,https://bhmea2026.awardsplatform.com/,,,,,In-Person,Asia/Riyadh,briefings CFP / open closes 23:00 KSA; notifications; 20 or 40 min talks; speaker benefits per Black Hat briefings policy; cfp@blackhat.com; history: 2026 Exhibition and Convention Center Malham,2026-06-01,Mostly Fixed
Black Hat USA,High,Yes,Industry,,Yes,TBD,12-07,TBD,TBD,2026-08-01,2026-08-06,Las Vegas,United States,https://www.blackhat.com,https://www.blackhat.com/call-for-papers.html,https://usa-trainings-cfp.blackhat.com/,,,In-Person,America/Los_Angeles,Merged Black Hat USA + Black Hat USA Trainings into single row; conference week with trainings and current CFT deadline; cfp: open close unlisted,2026-03-30,Mostly Fixed
BlueCon Japan,Low,Yes,Industry,,Unknown,09-01,TBD,TBD,TBD,2026-11-01,2026-11-30,Tokyo,Japan,https://codeblue.jp/en/,,https://codeblue.jp/en/,,,In-Person,Asia/Tokyo,Estimated from CODE BLUE annual November schedule and prior CFP cycle,2026-03-30,Unknown
BruCON Autumn Training,High,Yes,Industry,,Unknown,TBD,04-30,TBD,TBD,2026-09-21,2026-09-23,Mechelen,Belgium,https://www.brucon.org/,,https://sessionize.com/brucon-0x12/,,,In-Person,Europe/Brussels,BruCON 0x12 autumn training 2/3-day courses in-person or virtual; CfT closed Sessionize feedback; src: https://www.linkedin.com/company/brucon_2/,2026-06-01,Fixed
BruCON Conference,High,Yes,Industry,,Unknown,04-30,04-30,TBD,TBD,2026-09-24,2026-09-25,Mechelen,Belgium,,https://sessionize.com/brucon-0x12/,https://sessionize.com/brucon-0x12/,https://www.brucon.org/,https://www.brucon.org/call-for-volunteers,In-Person,Europe/Brussels,BruCON 0x12 Lamot Van Beethovenstraat 8-10 ~600 attendees; CFP/CfT closed; schedule release tickets; autumn training; topics AI agentic security IoT hardware; src: https://www.linkedin.com/company/brucon_2/,2026-06-01,Fixed
BruCON Spring Training,High,Yes,Industry,,Unknown,TBD,11-30,TBD,TBD,2026-04-22,2026-04-24,Ghent,Belgium,https://www.brucon.org/,,https://www.brucon.org/,,,Hybrid,Europe/Brussels,BruCON 0x12 spring training concluded; mix in-person and virtual 2/3-day courses; next spring CfT window feedback per brucon.org; src: https://www.linkedin.com/company/brucon_2/,2026-06-01,Fixed
BSI Deutscher IT-Sicherheitskongress,Medium,Yes,Industry,,Unknown,01-07,TBD,TBD,TBD,2026-04-15,2026-04-16,Bonn,Germany,https://coms.app/bsi-kongress2026/welcome.html,,,,,In-Person,Europe/Berlin,Added from backlog list,2026-03-30,Unknown
BSides Ahmedabad,High,Yes,Industry,,Partial,05-15,TBD,05-15,TBD,2026-09-26,2026-09-27,Ahmedabad,India,https://bsidesahmedabad.in,https://bsidesahmedabad.in/conference/call-for-papers/,,https://bsidesahmedabad.in/conference/call-for-papers/,,In-Person,Asia/Kolkata,7th edition longest-running BSides; conference Hyatt Regency trainings; cumulative 5K+ attendees; CFP opened closed talks 30 min workshops 2 hr same portal; speaker pass accommodation 2 nights speakers dinner,2026-10-04,Mostly Fixed
BSides Berlin,Medium,Unknown,Industry,,Unknown,08-03,TBD,TBD,TBD,2026-11-13,2026-11-13,Berlin,Germany,,https://docs.google.com/forms/d/e/1FAIpQLSdAmxsqYIM34tE0N8Y3HeDinqx6a6pLCt3IdIbdc-6eIgLEiA/viewform,,,,In-Person,Europe/Berlin,Catalog entry verified,2026-06-05,Unknown
BSides Canberra,Low,Unknown,Industry,,Unknown,TBD,TBD,TBD,TBD,2023-09-28,2023-09-30,Canberra,Australia,https://www.bsidesau.com.au/2023/index.html,,,https://www.bsidesau.com.au/2023/index.html,,In-Person,Australia/Sydney,2023 dates verified,2026-03-30,Mostly Fixed
BSides Cape Town,Low,Yes,Industry,CTF,Unknown,TBD,TBD,TBD,TBD,TBD,TBD,Cape Town,South Africa,https://bsidescapetown.co.za/,,,https://bsidescapetown.co.za/,,In-Person,Africa/Johannesburg,Grassroots community BSides first weekend of December; 2025 Redacted edition Dec 6 Lagoon Beach Hotel blind CFP pretalx closed Sep 30; 2-3 tracks keynotes CTF lockpicking; 2026 dates and CFP not yet announced watch; history: since 2011,2026-06-01,Mostly Fixed
BSides Edmonton,Medium,Unknown,Industry,,Partial,06-01,TBD,TBD,TBD,2026-09-24,2026-09-25,Edmonton,Canada,https://www.bsidesedmonton.org/,,,,,In-Person,America/Toronto,Catalog entry verified,2026-06-05,Unknown
BSides Frankfurt,Medium,Unknown,Industry,,Partial,08-01,TBD,TBD,TBD,2026-09-10,2026-09-11,Frankfurt,Germany,https://bsidesfrankfurt.org/,,,,,In-Person,Europe/Berlin,BSidesFrankfurt Sep 2026 Goethe-Universität; community infosec no vendor pitches; CFP open via Pretalx since first-time speaker slots; early-bird tickets; BSides Women discounted tickets NVISO; partner Elbsides Hamburg; src: https://www.linkedin.com/company/bsides-frankfurt/,2026-06-05,Unknown
BSides Greenville,Medium,Yes,Industry,,Unknown,07-01,TBD,TBD,TBD,2026-08-29,2026-08-29,Greenville,United States,https://www.bsidesgreenville.org/,,,,,In-Person,America/New_York,Catalog entry verified,2026-06-05,Unknown
BSides Hong Kong,Medium,No,Industry,,Unknown,TBD,TBD,TBD,TBD,2026-06-25,2026-06-26,Hong Kong,Hong Kong,https://bsideshk.org/,,,https://bsideshk.org/,,In-Person,Asia/Hong_Kong,BSidesHK 2026 community not-for-profit conference Deloitte One Pacific Place Admiralty and workshops PwC Manulife Financial Centre Kwun Tong; free tickets capacity limited; src: https://www.linkedin.com/company/bsideshk/,2026-08-10,Rotating
BSides Joburg,Low,Yes,Industry,,Unknown,05-31,TBD,TBD,TBD,2026-07-25,2026-07-25,Johannesburg,South Africa,,https://pretalx.com/bsides-joburg-2026/cfp,,https://bsidesjoburg.co.za/,,In-Person,Africa/Johannesburg,3rd edition 08:00-18:00 Focus Rooms 20 Heaton Lane Longlake; theme Light The Way; ~400-500 attendees 2 tracks lockpicking; volunteer community BSides; CFP pretalx closes 23:59 SAST notifications; tickets via Quicket,2026-06-01,Mostly Fixed
BSides Kerala,Medium,Unknown,Industry,CTF,Partial,04-10,TBD,04-10,TBD,2026-05-07,2026-05-09,Kochi,India,https://bsideskerala.in,https://bsideskerala.in/call-for-papers/,,https://bsideskerala.in/call-for-papers/,,In-Person,Asia/Kolkata,tracks offensive defensive CTF training; CFP/CFW closed; overseas odation 2 days; keynotes Kerala Police Cyberdome c0c0n connections; tickets open free lunch snacks; hello@bsideskerala.in; history: 2026 Marriott Hotel; speakers: speakers accommodation plus USD 500 honorarium domestic speakers accomm,2026-10-04,Unknown
BSides Las Vegas,High,Yes,Industry,CTF,Yes,05-08,TBD,TBD,TBD,2026-08-03,2026-08-05,Las Vegas,United States,https://bsideslv.org/,,https://callforpapers.bsideslv.org/cfp,,https://bsideslv.org/cfv.html,In-Person,America/Los_Angeles,BSidesLV 2026 Tuscany Suites and Casino two full days Mon-Tue half-day Wed famous pool party Wed night expanded from prior two-day format; Hacker Summer Camp week before DEF CON 34 and Black Hat; src: https://www.linkedin.com/company/bsides-las-vegas/,2026-06-01,Mostly Fixed
BSides Leeds,Medium,Yes,Industry,,No,03-31,TBD,TBD,TBD,2026-06-13,2026-06-13,Leeds,United Kingdom,https://www.bsidesleeds.com,,,,,In-Person,Europe/London,Catalog entry verified,2026-06-05,Unknown
BSides London,Medium,Yes,Industry,CTF,Unknown,10-13,TBD,TBD,TBD,2024-12-14,2024-12-14,London,United Kingdom,https://www.securitybsides.org.uk/,,,https://www.securitybsides.org.uk/,,In-Person,Europe/London,CfP closed and event held,2026-03-30,Unknown
BSides Munich,Medium,Unknown,Industry,CTF,Unknown,07-24,TBD,TBD,TBD,2026-11-09,2026-11-09,Munich,Germany,https://2026.bsidesmunich.org/,,,https://bsidesmunich.org/,,In-Person,Europe/Berlin,CfP closed with workshop and conference days in November,2026-06-05,Unknown
BSides Newcastle,Low,No,Industry,CTF,Unknown,TBD,TBD,TBD,TBD,2025-09-27,2025-09-27,Newcastle upon Tyne,United Kingdom,https://bsidesnewcastle.org/,,,,,In-Person,Europe/London,BSidesNCL BSides Newcastle North East UK; 2025 concluded North East Futures UTC 200+ attendees 3 tracks workshops all-day CTF space theme; 2026 in planning date venue CFP and tickets not announced; src: https://www.linkedin.com/company/bsidesncl/,2026-06-01,Fixed
BSides Oslo,Medium,Unknown,Industry,,Partial,08-10,TBD,TBD,TBD,2026-10-29,2026-10-29,Oslo,Norway,https://bsidesoslo.no/,,,,,In-Person,Europe/Oslo,Catalog entry verified,2026-06-05,Unknown
BSides Pyongyang,Low,No,Industry,,Unknown,TBD,TBD,TBD,TBD,2025-11-18,2025-11-18,Virtual,Global,https://bsidespyongyang.com/,,,,,Virtual,UTC,Community satirical BSides #BSidesPyongyang2025 Missile Industry Day; online stream Twitch YouTube Discord; 2025 concluded Eventbrite 10am-4pm EST; DPRK-themed threat intel malware talks; 2026 not announced watch site; src: https://www.linkedin.com/company/bsidespyongyang/,2026-06-01,Fixed
BSides Tokyo,Medium,No,Industry,,Unknown,TBD,TBD,TBD,TBD,2026-05-16,2026-05-16,Tokyo,Japan,https://bsides.tokyo,https://bsides.tokyo/cfp,,https://bsides.tokyo/cfw,,In-Person,Asia/Tokyo,2026 Internet Initiative Inc Iidabashi Grand Bloom concluded; afterparty JAM ORCHESTRA Ichigaya; CFP opened close not published; CFW opened close not published; community BSides; cfp: open close unlisted; src: https://bsides.tokyo/en/,2026-10-04,Rotating
BSides Ume,Medium,Unknown,Industry,,Unknown,03-31,TBD,TBD,TBD,2026-06-16,2026-06-17,Umeå,Sweden,https://indico.neic.no/event/287/,,,,,In-Person,Europe/Stockholm,Catalog entry verified,2026-06-05,Unknown
BSides Vienna,Medium,Unknown,Industry,,No,06-07,TBD,TBD,TBD,2026-06-27,2026-06-27,Vienna,Austria,https://bsidesvienna.at/,,,,,In-Person,Europe/Vienna,Catalog entry verified,2026-06-05,Unknown
BSides Vilnius,Low,No,Industry,CTF,Unknown,TBD,TBD,TBD,TBD,2026-06-03,2026-06-04,Vilnius,Lithuania,https://bsidesvilnius.lt/,,,,,In-Person,Europe/Vilnius,workshops main event at Kablys; ~400 attendees 2025 edition; CFP closed program set; regular tickets sold out Jun 2026; CTF - free without ticket some on-site challenges; nonprofit community; history: 2026 Security Theater theme; src: https://www.linkedin.com/company/bsides-vilnius/,2026-06-01,Fixed
BSidesCache,Medium,Yes,Industry,,Unknown,06-19,TBD,TBD,TBD,2026-09-18,2026-09-18,Logan,United States,,https://sessionize.com/bsidescache-2026/,,,,In-Person,America/Denver,Catalog entry verified,2026-06-05,Unknown
BSidesTLV,Medium,Unknown,Industry,CTF,Partial,04-30,TBD,TBD,TBD,2026-06-25,2026-06-25,Tel-Aviv,Israel,https://bsidestlv.com/,,,https://bsidestlv.com/,,In-Person,Asia/Jerusalem,11th edition Smolarz Auditorium Tel Aviv University during Cyber Week; theme Alice in AI Land; ~1000 attendees nonprofit volunteer; CFP closed; 45/25/10 min talks villages; speakers dinner after party; info@bsidestlv.com; src: https://www.linkedin.com/company/bsidestlv/,2026-06-05,Unknown
c0c0n,Medium,Yes,Industry,,Yes,05-10,TBD,TBD,TBD,2026-10-09,2026-10-10,"Kochi, Kerala",India,https://www.c0c0n.org,https://www.c0c0n.org/cfp,https://www.c0c0n.org/cfp,,,In-Person,Asia/Kolkata,19th edition; CFP deadline; trainings conference at Grand Hyatt Bolgatty Kochi,2026-04-01,Unknown
CactusCon,Medium,Yes,Industry,Villages,Unknown,10-24,TBD,TBD,TBD,2026-02-06,2026-02-07,Mesa,United States,https://www.cactuscon.com/,,https://sessionize.com/cactuscon-14/,,,In-Person,America/Phoenix,14 Convention Center Arizona largest infosec con 2000+ attendees; speaker reception; 2026 concluded thanks all who attended; CFP Sessionize closed talks workshops villages CISO village separate form; src: https://www.linkedin.com/company/cactuscon/,2026-06-01,Fixed
CanSecWest,Medium,Yes,Industry,,Yes,TBD,TBD,TBD,TBD,2024-03-20,2024-03-22,Vancouver,Canada,https://cansecwest.com/,,,https://cansecwest.com/,,In-Person,America/Vancouver,Main conference dates verified as,2026-03-30,Unknown
Chaos Communication Congress,High,Yes,Mixed,CTF|Villages,Partial,TBD,TBD,TBD,TBD,2026-12-27,2026-12-30,Hamburg,Germany,https://events.ccc.de/en/calendar/,,,,,In-Person,Europe/Berlin,40C3 40th edition Messe Messeplatz 1; annual congress of Chaos Computer Club CCC; four days talks workshops assemblies; 39C3 Dec; CfP historically on frab.cccv.de opens ~Sep deadline TBD for 40C3; history: 2025 CCH theme Power Cycles; src: https://www.ccc.de/,2026-06-01,Mostly Fixed
CISSE,Low,Unknown,Academic,,Unknown,08-15,TBD,TBD,TBD,2026-10-26,2026-10-28,Indianapolis,United States,https://cisse.info,https://cisse.info/e/30th/call-for-papers,,,,In-Person,America/New_York,Catalog entry verified,2026-06-05,Unknown
Cloud Village at DEF CON 34,High,Yes,Industry,Villages|CTF|Panels,Unknown,TBD,TBD,TBD,TBD,2026-08-07,2026-08-09,Las Vegas,United States,,https://forms.gle/YdkwgYh2u26ag5v78,,https://forms.gle/yUkd4EL3Dso8hGpUA,,In-Person,America/Los_Angeles,Convention Center; talks labs panels two-day cloud CTF Fri-Sat; official CfP Google Form and labs close date not on site (organizer LinkedIn cited 23:59 PDT); also appears at BSidesNYC BSidesSF RSAC etc; src: https://www.cloud-village.org/dc34,2026-10-04,Mostly Fixed
CODE BLUE,High,Yes,Industry,,Yes,09-01,TBD,TBD,TBD,2024-11-01,2024-11-30,Tokyo,Japan,https://codeblue.jp/,,https://codeblue.jp/,,,In-Person,Asia/Tokyo,Added from requested 2024 conference list,2026-03-30,Unknown
Code Blue Tokyo,High,Yes,Industry,,Yes,07-31,03-31,TBD,TBD,2026-11-17,2026-11-18,Tokyo,Japan,,https://sessionize.com/code-blue-2026,https://sessionize.com/CB26-TRAINING,,,In-Person,Asia/Tokyo,CODE BLUE 2026 in-person Belle Salle Takadanobaba; main CFP closes per sessionize.com/code-blue-2026; round-trip economy and 3-night hotel for speakers; training CFP CB26-TRAINING closed; codeblue.jp,2026-06-17,Fixed
Code Europe Krakow,Medium,Yes,Industry,,Yes,03-30,TBD,TBD,TBD,2025-06-30,2025-07-01,Krakow,Poland,https://www.codeeurope.pl/en/become-a-speaker,,,,,In-Person,Europe/Warsaw,Last Kraków edition – ICE Kraków (Marii Konopnickiej 17); prior Kraków dates and per Crossweb; CfP closed per cfp.watch (form on codeeurope.pl); speakers: hotel for speakers per CfP Watch. Code Europe 2026 moves to Warsaw Sep 14–15 2026,2026-06-01,Rotating
CODEGATE,Medium,Yes,Industry,CTF,Unknown,TBD,TBD,TBD,TBD,2026-07-23,2026-07-24,Seoul,South Korea,https://codegate.org/fairContents.do?FAIRMENU_IDX=22034&hl=ENG,,,,,In-Person,Asia/Seoul,2026 18th edition COEX; international CTF finals plus security conference hosted by Korea Ministry of Science ICT with CODEGATE Security Forum and Maekyung Media; theme AI Power Security; src: https://codegate.org/fairContents.do?FAIRMENU_IDX=22018&hl=ENG https://codegate.org/,2026-08-10,Mostly Fixed
CONFidence,High,Yes,Industry,Villages|CTF,Partial,03-15,TBD,TBD,TBD,2026-05-25,2026-05-26,Krakow,Poland,https://confidence-conference.org,https://confidence-conference.org/call-for-papers-what-are-we-looking-for/,,,,In-Person,Europe/Warsaw,26th edition EXPO Kraków; ~2000 attendees Central Europe; tracks Offense Defense Future Tech Exec invite-only; Villages radio speedrunning CTF physical security; CFP closed; speakers free entry travel up to 1000 PLN; src: https://www.linkedin.com/showcase/confidence-conference/,2026-06-01,Fixed
CornCon,Medium,Yes,Industry,CTF|Villages,No,08-15,08-15,08-15,10-01,2026-10-02,2026-10-03,Davenport,United States,https://corncon.net,https://corncon.net/cfp/,,,https://whova.com/call_for_volunteers/p%40VPv-3trULnr58NyeoSoub1hVfIuC4A8Fpdx4B6WKk%3D/,In-Person,America/Chicago,12 Docent Institute Midwest cybersecurity; main conference RiverCenter IA concluded; CISO Executive Summit invitation; IEEE/LinkedIn ~500 attendees 70-80 speakers; src: https://docs.google.com/forms/d/e/1FAIpQLSfj-NzMuGJMSk3o7193xdolh77czHogsYE2oyMmdhdrPtLWKQ/viewform https://www.linkedin.com/showcase/corncon/,2026-10-04,Mostly Fixed
CrikeyCon,Low,No,Industry,CTF|Villages,Unknown,TBD,TBD,TBD,TBD,2026-03-21,2026-03-21,Brisbane,Australia,https://crikeycon.com/,,,,,In-Person,Australia/Brisbane,11 Royal International Convention Centre; community nonprofit South-East Queensland; workshops CTF PACs Meshtastic CrikeyConnect careers village; excess profits to charity AUD 200k+; 2026 concluded; src: https://www.linkedin.com/company/crikeycon/,2026-06-01,Fixed
CSCML,Medium,Yes,Academic,,Yes,TBD,TBD,TBD,TBD,2024-12-19,2024-12-20,Beer Sheva,Israel,https://www.cscml.org/front-page,,,,,In-Person,Asia/Jerusalem,Dates verified as,2026-03-30,Unknown
Cyber Week 2026,Medium,Yes,Mixed,,No,08-02,TBD,TBD,TBD,2026-11-09,2026-11-12,Tel Aviv,Israel,https://cyberweektau.com,https://cyberweektau.com/call-for-talks/,,,,In-Person,Asia/Jerusalem,16th edition University per cyberweektau.com; runs same week as AI Week; BSides Wed Smolarz; CfT open no travel expenses per official CFT; abstract deadline (page also cites application); acceptance Oct 2026,2026-06-05,Mostly Fixed
CyberCon Melbourne,Medium,Yes,Industry,,Unknown,TBD,TBD,TBD,TBD,2023-10-17,2023-10-19,Melbourne,Australia,https://melbourne2023.cyberconference.com.au/,,,https://melbourne2023.cyberconference.com.au/,,In-Person,Australia/Melbourne,Australian Cyber Conference 2023 dates verified,2026-03-30,Mostly Fixed
CyberjutsuCon and Awards 2026,Medium,Unknown,Industry,,Unknown,04-19,TBD,TBD,TBD,2026-06-26,2026-06-26,Arlington,United States,,https://whova.com/call_for_speakers,,,,In-Person,America/New_York,Catalog entry verified,2026-06-05,Unknown
Cybersecurity Summit,Medium,Yes,Industry,Panels,Unknown,TBD,TBD,TBD,TBD,2027-04-21,2027-04-22,Hamburg,Germany,https://cybersecuritysumm.it/,,,,,In-Person,Europe/Berlin,German IT-security trade fair and conference Trailblazer Summits Group; next edition per official site; 2026 edition concluded 100+ speakers 80+ exhibitors 1000+ visitors,2026-06-01,Fixed
Cybertech Global Tel Aviv,High,Yes,Industry,,Yes,TBD,TBD,TBD,TBD,2024-01-29,2024-01-31,Tel Aviv,Israel,https://www.cybertechisrael.com/,,,,,In-Person,Asia/Jerusalem,Added from requested 2024 conference list,2026-03-30,Unknown
CyberWiseCon Vilnius,Low,Yes,Industry,,Unknown,TBD,TBD,TBD,TBD,2026-05-20,2026-05-22,Vilnius,Lithuania,https://cyberwisecon.eu/,,,,,In-Person,Europe/Vilnius,2026 main conference (workshops ) at Forum Cinemas Vingis; CFP deadline not published,2026-04-01,Unknown
DeepSec,High,Yes,Mixed,,Partial,07-31,07-31,TBD,TBD,2026-11-17,2026-11-20,Vienna,Austria,https://deepsec.net,https://deepsec.net/cfp.html,https://deepsec.net/cfp.html,,,In-Person,Europe/Vienna,IDSC In-Depth Security Conference conference hotel Linke Wienzeile 1150; two days talks two days trainings 45+5 min talks; vendor-neutral; DeepINTEL security intelligence track same CFP; U21 young researchers; speakers: speaker travel up to EUR 800 and 2 hotel nights; src: https://www.linkedin.com/company/deepsec/,2026-06-01,Fixed
DEF CON,High,Yes,Industry,,Unknown,05-01,01-12,05-01,TBD,2026-08-06,2026-08-09,Las Vegas,United States,https://defcon.org,https://defcon.org/html/defcon-34/dc-34-cfp.html,https://training.defcon.org/pages/2026-las-vegas-call-for-trainers,https://defcon.org/html/defcon-34/dc-34-cfw.html,https://defcon.org/html/links/get-involved.html,In-Person,America/Los_Angeles,34 Convention Center; CFP and CfW both closed midnight UTC (4h workshops via OpenConf); CFT closed; demo labs CFI at dc-34-cfi.html,2026-06-01,Mostly Fixed
DEF CON Bahrain,Low,Yes,Industry,,Unknown,TBD,TBD,TBD,TBD,2026-11-11,2026-11-12,Manama,Bahrain,https://defcon.org/html/defcon-bahrain/dc-bahrain-index.html,,https://training.defcon.org/,,,In-Person,Asia/Bahrain,Official DEF CON homepage lists DEF CON Middle East conference dates (Nov 2026) and training window,2026-03-30,Mostly Fixed
DEF CON Singapore,High,Yes,Industry,,Unknown,02-15,11-10,TBD,TBD,2026-04-28,2026-04-30,Singapore,Singapore,https://defcon.org/html/defcon-singapore/dc-singapore-index.html,,https://training.defcon.org/pages/2026-singapore-call-for-trainers,,,In-Person,Asia/Singapore,Official DEF CON site lists conference dates with CFP deadline and CFT close,2026-03-30,Unknown
DefCamp,High,Yes,Industry,,Yes,06-15,TBD,TBD,TBD,2026-11-19,2026-11-20,Bucharest,Romania,,https://sessionize.com/defcamp-2026,,,,In-Person,Europe/Bucharest,16th edition Palace of Parliament; 2200+ attendees 50+ countries; CFP open three waves per sessionize.com/defcamp-2026; travel and accommodation covered for selected speakers; def.camp,2026-06-17,Mostly Fixed
DeveloperWeek,High,Yes,Industry,,Yes,10-13,TBD,TBD,TBD,2024-02-21,2024-02-29,San Francisco,United States,https://www.developerweek.com/,,,https://www.developerweek.com/,,In-Person,America/Los_Angeles,Main; history: 2024 CFP closed,2026-03-30,Unknown
DevOpsDays Salt Lake City,Medium,Yes,Industry,,Unknown,TBD,TBD,TBD,TBD,2026-05-11,2026-05-12,Salt Lake City,United States,https://slcdevopsdays.org/,,,https://slcdevopsdays.org/,,In-Person,America/Denver,Estimated from recent May editions (use as planning placeholder),2026-03-30,Unknown
DIMVA,Medium,Yes,Academic,,Unknown,02-18,TBD,TBD,TBD,2026-07-01,2026-07-03,Chania,Greece,https://www.dimva.org/dimva2026/,,,,,In-Person,Europe/Athens,Two-cycle CFP and cycle 2 submission deadline with LNCS page limits,2026-03-30,Rotating
Ekoparty Buenos Aires,High,Yes,Industry,,Yes,TBD,TBD,TBD,TBD,2026-11-01,2026-11-30,Buenos Aires,Argentina,https://www.ekoparty.org/,,https://ekoparty.org/2025/12/04/call-for-tranings-buenos-aires-miami/,https://www.ekoparty.org/,,In-Person,America/Argentina/Buenos_Aires,"Merged Ekoparty (2022), Ekoparty Security Conference (2024), and Ekoparty into one canonical row; keep current cycle tracking and retain historical continuity in this single record",2026-03-30,Mostly Fixed
Ekoparty Miami,Medium,Yes,Industry,,Unknown,03-20,TBD,TBD,TBD,2026-05-21,2026-05-22,Miami,United States,,https://sessionize.com/ekoparty-security-conference-2026-miami/,https://sessionize.com/ekoparty-security-conference-2026-miami/,,,In-Person,America/New_York,CFP deadline was (now closed); conference,2026-04-01,Unknown
Elbsides,Medium,No,Industry,,Unknown,03-20,TBD,TBD,TBD,2026-06-04,2026-06-05,Hamburg,Germany,https://www.elbsides.eu/2026/,,,https://www.elbsides.eu/2026/workshops/,,In-Person,Europe/Berlin,BSides; workshop day Jungheinrich Wandsbek; conference Hotel Hafen Elbkuppel; CFP closed program published; conference and workshop tickets sold out Jun 2026; pretix workshop sales; community-driven nonprofit; history: since 2019; src: https://www.linkedin.com/company/elbsides/,2026-06-01,Mostly Fixed
ESORICS,Medium,Yes,Academic,,Unknown,04-21,TBD,TBD,TBD,2026-09-14,2026-09-18,Rome,Italy,https://www.easychair.org,https://www.easychair.org/cfp/ESORICS-2026,,,,In-Person,Europe/Rome,Two-cycle model and spring deadline with 16-page limit in CFP,2026-03-30,Rotating
Ethiack,Low,No,Industry,,Unknown,TBD,TBD,TBD,TBD,TBD,TBD,TBD,TBD,https://ethiack.com/,,,,,In-Person,UTC,Added from backlog list,2026-03-30,Unknown
FIRST Conference,Medium,Yes,Industry,,Unknown,12-03,TBD,TBD,TBD,2026-06-14,2026-06-19,Denver,United States,https://www.first.org/conference/2026/,,,,,In-Person,America/Denver,38th Annual FIRST Conference in CO; CfS closed,2026-04-01,Rotating
FIRSTCON Copenhagen,Low,Yes,Industry,,Unknown,TBD,TBD,TBD,TBD,TBD,TBD,Copenhagen,Denmark,https://www.first.org/conference/,,,,,In-Person,Europe/Copenhagen,Added from FIRSTCON ENISA note,2026-03-30,Unknown
fwd:cloudsec Europe,High,Yes,Industry,,Unknown,06-12,TBD,TBD,TBD,2026-09-07,2026-09-08,London,United Kingdom,,https://pretalx.com/fwd-cloudsec-europe-2026/cfp,,,,In-Person,Europe/London,Non-profit independent cloud security conference; third European edition Park Plaza Victoria; practitioner-focused 20 or 40 min talks Pretalx CFP open final round closes per; round one closed; notifications; src: https://fwdcloudsec.org/conference/europe/cfp.html https://fwdcloudsec.org/conference/europe/,2026-06-01,Rotating
fwd:cloudsec North America,High,Yes,Industry,,Partial,03-20,TBD,TBD,TBD,2026-06-01,2026-06-02,Bellevue,United States,https://fwdcloudsec.org/conference/north-america/,,https://pretalx.com/fwd-cloudsec-2026/cfp,,,In-Person,America/Los_Angeles,Non-profit independent cloud security conference; Meydenbauer Center WA near AWS and Microsoft HQ; 20 or 40 min talks live-streamed; Pretalx CFP closed PDT final round per cfp.html; speaker hotel benefits when applicable; src: https://fwdcloudsec.org/,2026-06-01,Mostly Fixed
Game Hacking Village @ DEF CON 34,High,Unknown,Industry,Villages,Unknown,06-14,TBD,TBD,TBD,2026-08-06,2026-08-08,Las Vegas,United States,,https://docs.google.com/forms/d/1QQJtqA9_uPZCCT01jUzjiMNZd9CoPDmCht98dvsX98I,,,,In-Person,America/Los_Angeles,Catalog entry verified,2026-06-05,Unknown
German OSINT Conference,Medium,No,Industry,,Partial,TBD,TBD,TBD,TBD,2026-06-16,2026-06-16,Wetzlar,Germany,https://www.gosintcon.de/,,,,,In-Person,Europe/Berlin,GOSINTCon26 Leica Welt Am Leitz-Park 6; German Open Source Intelligence Conference deutschsprachige OSINT theme OSINT Geschüttelt nicht gerührt; single-day 12:00 entry talks until evening get-together; history: since 2020; speakers: speaker travel reimbursement up to EUR 300 against invoice; src: https://www.linkedin.com/company/german-osint-conference/,2026-06-01,Fixed
German OWASP Day,Medium,No,Industry,,Partial,06-21,TBD,TBD,TBD,2026-09-23,2026-09-24,Karlsruhe,Germany,https://god.owasp.de/2026/en/index.html,,,,,In-Person,Europe/Berlin,2026 pre-con seminars Diversity PreCon evening event conference IHK Haus der Wirtschaft; CfP closed; registration open per OWASP newsletter Jun 2026; ~200 participants; partial; speakers: speaker travel up to EUR 250,2026-07-03,Rotating
GISEC Global,Medium,Yes,Industry,CTF,Yes,TBD,TBD,TBD,TBD,2026-04-21,2026-04-23,Dubai,United Arab Emirates,https://www.gisec.ae/,,,https://www.gisec.ae/,,In-Person,Asia/Dubai,Merged GISEC (2024) and GISEC Global into one canonical row; keep current cycle dates while preserving broader track/sponsorship metadata from verified 2024 entry,2026-03-30,Unknown
GrrCon,Medium,Unknown,Industry,,Partial,07-01,TBD,TBD,TBD,2026-09-24,2026-09-25,Grand Rapids,United States,https://grrcon.com,https://grrcon.com/cfp/,,,,In-Person,America/New_York,Estimated from 2025 official GrrCON timing: early-October Thu-Fri conference window and CFP round 1 by,2026-06-05,Unknown
H2HC,Medium,Yes,Industry,,Yes,10-01,TBD,TBD,TBD,2024-12-14,2024-12-15,Sao Paulo,Brazil,https://www.h2hc.com.br/,,,https://www.h2hc.com.br/,,In-Person,America/Sao_Paulo,CFP deadline and event held,2026-03-30,Unknown
Hack Glasgow 2026,Medium,Unknown,Industry,,Unknown,04-30,TBD,TBD,TBD,2026-08-15,2026-08-15,Glasgow,United Kingdom,https://hackglasgow.live,,,,,In-Person,Europe/London,Catalog entry verified,2026-06-05,Unknown
Hack in Paris,Low,Yes,Industry,,Unknown,TBD,TBD,TBD,TBD,2026-09-22,2026-09-26,Paris,France,https://www.hackinparis.com/,,https://www.hackinparis.com/,https://www.hackinparis.com/,,In-Person,Europe/Paris,Estimated from prior edition timing pattern (needs confirmation),2026-03-30,Unknown
Hack.lu,Medium,Unknown,Industry,CTF,Yes,05-30,TBD,TBD,TBD,2026-10-20,2026-10-23,Dommeldange,Luxembourg,https://2026.hack.lu/,,,https://hack.lu/,,In-Person,Europe/Luxembourg,20th edition at Parc Hotel Alvisse; CFP deadline at 23:59 time,2026-06-05,Unknown
HackAIcon,Low,No,Industry,,Unknown,TBD,TBD,TBD,TBD,TBD,TBD,TBD,TBD,https://www.hackaicon.com/,,,,,In-Person,UTC,Added from backlog list,2026-03-30,Unknown
HackAstra,Medium,Yes,Industry,CTF|Panels,Unknown,TBD,TBD,TBD,TBD,2026-05-29,2026-06-06,Kathmandu,Nepal,https://hackastra.tech/,,,,,In-Person,Asia/Kathmandu,Hackअस्त्र 2026 national cybersecurity event Ethical HCK Community Herald College; CTF qualifiers concluded May 2026 439 teams 1100+ users top 12 to on-site finale; panels Cyberगफ sessions Cyberप्रदर्शन expo; src: https://hackasec.team https://www.linkedin.com/company/teamhackasec/ https://ctftime.org/team/135426,2026-06-01,Fixed
Hackfest,High,Yes,Industry,CTF|Villages,Yes,08-24,TBD,TBD,TBD,2026-10-29,2026-10-31,Quebec City,Canada,https://cfp.hackfest.ca,https://cfp.hackfest.ca/hf2026/,,,,In-Person,America/Toronto,POLAR exec banquet; trainings; 48h CTF villages AfterDark; CFP Pretalx round 1 - round 2 - schedule lists close; 20 or 50 min talks 1-4h workshops; history: 2026 Level UP Convention Centre; src: https://hackfest.ca/en/ https://www.linkedin.com/company/hackfest/,2026-06-05,Fixed
HACKRON,Medium,Unknown,Industry,CTF,Unknown,TBD,TBD,TBD,TBD,2026-10-22,2026-10-22,Gran Canaria,Spain,https://hackron.com/,,,,,In-Person,Atlantic/Canary,Canary Islands cybersecurity congress; next edition venue TBC CFP still open via info@hackron.com no public portal or close date; prior Tenerife 13th edition Auditorio Adán Martín Santa Cruz de Tenerife concluded; CTF; cfp: open close unlisted,2026-10-04,Rotating
HackTheBay,Medium,No,Industry,CTF|Villages,Unknown,TBD,TBD,TBD,TBD,2026-03-23,2026-03-23,San Francisco,United States,https://www.hackthebay.org/,,,,,In-Person,America/Los_Angeles,3.0 11am-5pm PUBLIC Works 161 Erie St SF; Pacific Hackers Association 501c3 nonprofit; Security Week slot between BSidesSF and RSAC; src: https://www.linkedin.com/showcase/hackthebay-conference/,2026-06-01,Fixed
HEK.SI,Medium,No,Industry,,Unknown,TBD,TBD,TBD,TBD,2026-02-11,2026-02-12,Ljubljana,Slovenia,https://www.hek.si/en/,,,,,Hybrid,Europe/Ljubljana,Main ethical hacking conference annual since ~; Feb 2026 concluded; day 1 in-person Fantastični prostori Stegne 23a day 2 online Zoom; 120+ attendees 27+ speakers; curated program no public speaker CfP; history: 2012 Palsit organizer,2026-06-04,Fixed
Hexacon Paris,Low,Yes,Industry,,Unknown,TBD,TBD,TBD,TBD,2026-10-04,2026-10-05,Paris,France,https://hexacon.fr/,,,,,In-Person,Europe/Paris,Added from backlog list,2026-03-30,Unknown
HITCON,High,Yes,Mixed,CTF,Unknown,05-17,TBD,TBD,TBD,2026-08-21,2026-08-22,Taipei,Taiwan,https://hitcon.org,https://hitcon.org/2026/en-US/cfp/,,,,In-Person,Asia/Taipei,2026 Hacks In Conference 台灣駭客年會 theme When AI Acts agentic systems; Humanities Social Sciences Building Academia Sinica Nangang; HIT CHROOT Academia Sinica IIS; 40 min talks and 80 min Hacking 101 track; src: https://hitcon.kktix.cc/events/hitcon-2026 https://www.linkedin.com/company/hacks-in-taiwan-conference/,2026-06-01,Fixed
Hong Kong Hack,Medium,Unknown,Industry,,Unknown,03-30,TBD,TBD,TBD,2026-06-10,2026-06-10,Hong Kong,Hong Kong,https://hk-hack.com/,,,,,In-Person,Asia/Hong_Kong,2026 Casaba Hack series first HK edition HKSTP InnoCentre Kowloon Tong; nonprofit technical symposium offensive defensive IoT AI crypto; CFP PDF English to info@hk-hack.com opened closed announcements,2026-10-04,Unknown
IDSECCONF,Medium,Unknown,Mixed,CTF,Partial,08-28,TBD,09-04,TBD,2026-12-05,2026-12-06,Bandung,Indonesia,https://2026.idsecconf.org,https://2026.idsecconf.org/2026/07/idsecconf2026-call-for-paper.html,,https://2026.idsecconf.org/,,In-Person,Asia/Jakarta,IT Security Conference; 2026 Binus University theme Defense in Depth The Rise of Collective Defense; conference workshops; paper CFP closed submit@idsecconf.org; workshop proposals deadline voting; history: 2025 Surabaya; 2024 Bali; src: https://idsecconf.org/,2026-10-04,Rotating
IEEE CSF,Medium,No,Academic,,Unknown,01-29,TBD,TBD,TBD,2026-07-26,2026-07-29,Lisbon,Portugal,https://csf2026.ieee-security.org,https://csf2026.ieee-security.org/cfp.html,,,,In-Person,Europe/Lisbon,Rolling deadlines with winter cycle and symposium in,2026-03-30,Rotating
IEEE Symposium on Security and Privacy,High,Yes,Academic,,Unknown,11-13,TBD,TBD,TBD,2026-05-18,2026-05-20,San Francisco,United States,https://sp2026.ieee-security.org/cfpapers.html,,,,,In-Person,America/Los_Angeles,Official SP 2026 site lists symposium dates in (workshops on ),2026-03-31,Mostly Fixed
Infosecurity Europe,High,Yes,Industry,Panels,Unknown,TBD,TBD,TBD,TBD,2026-06-02,2026-06-04,London,United Kingdom,https://www.infosecurityeurope.com/en-gb.html,,,,,In-Person,Europe/London,Official site lists at ExCeL; large industry expo plus curated conference programme; no public open CfP for 2026—keynotes and theatres announced,2026-06-01,Fixed
Insomni'hack,Medium,Unknown,Industry,CTF,Partial,08-23,08-23,TBD,TBD,2027-02-04,2027-02-05,Lausanne,Switzerland,https://insomnihack.ch,,,https://insomnihack.ch/workshops-2027/,,In-Person,Europe/Zurich,INSO27 18th edition SwissTech Convention Center EPFL; Orange Cyberdefense; 5 days workshops talks world-class on-site CTF; CFP pretalx opened closes 45-min talks; CfW; history: since 2008; src: https://www.linkedin.com/showcase/insomnihack/,2026-06-05,Unknown
ISC2 Security Congress,Medium,Yes,Industry,,Unknown,TBD,TBD,TBD,TBD,2026-10-26,2026-10-28,Aurora,United States,https://www.isc2.org/Congress,,,,,In-Person,America/Denver,2026 at Gaylord Rockies Resort CO; CFP deadline not published,2026-04-01,Unknown
KazHackStan,High,Yes,Industry,,Unknown,08-20,TBD,TBD,TBD,2026-09-29,2026-09-30,Astana,Kazakhstan,https://kazhackstan.com/,,,,,In-Person,Asia/Almaty,2026 Central Asia premier cybersecurity Palace of Independence 52 Tauelsizdik Ave; theme Cyber Resilience; organizer TSARKA with AI Digital Development Ministry; CFP closed per organizer LinkedIn,2026-10-04,Rotating
LocoMocoSec,Medium,Unknown,Industry,,Unknown,TBD,TBD,TBD,TBD,2024-07-17,2024-07-18,Lihue,United States,https://locomocosec.com/,,,,,In-Person,Pacific/Honolulu,Hawaiʻi Security Conference product/app/cloud security engineering; motto one track lots of flavor; 35 min talks engineering builders no vendor pitches; CFP closed; history: 2024 Kalapaki Beach Kauai; src: https://www.linkedin.com/company/locomocosec/,2026-06-01,Fixed
MadWeb San Jose,Medium,No,Academic,,Unknown,TBD,TBD,TBD,TBD,2027-01-01,2027-12-31,San Jose,United States,https://madweb.work/,,,https://madweb.work/,,In-Person,America/Los_Angeles,PhD level science conference candidate,2026-03-30,Unknown
masCon @ next.app devCon,High,Yes,Industry,Panels|Unconference,Partial,07-01,TBD,TBD,TBD,2026-10-07,2026-10-09,Berlin,Germany,,https://sessionize.com/nextapp26,,,,In-Person,Europe/Berlin,OWASP MAS mobile app security track within next.app devCon at CityCube; shared Sessionize CFP opened closes 23:59 CEST; formats include keynotes lightning talks sessions workshops panels unconference office hours,2026-06-01,Mostly Fixed
Middle East Security Conference and Exhibition,Low,Yes,Industry,Exhibition,Yes,TBD,TBD,TBD,TBD,2024-11-01,2024-11-30,Riyadh,Saudi Arabia,https://www.mesce.org/,,,,,In-Person,Asia/Riyadh,Added from requested 2024 conference list,2026-03-30,Unknown
NDC Oslo,High,Yes,Industry,,Partial,04-19,TBD,TBD,TBD,2026-09-14,2026-09-18,Oslo,Norway,https://ndcoslo.com,https://ndcoslo.com/call-for-papers,,https://sessionize.com/ndc-oslo-2026/,,In-Person,Europe/Oslo,Official NDC 2026 site lists event dates (14-18 September 2026) and CFP deadline; Sessionize confirms speaker travel/accommodation coverage with exceptions,2026-03-30,Unknown
NDC Security,High,Yes,Industry,,Yes,10-18,TBD,10-18,TBD,2027-02-15,2027-02-18,Oslo,Norway,https://ndcsecurity.com/,https://sessionize.com/ndc-security-2027,,https://sessionize.com/ndc-security-2027,,In-Person,Europe/Oslo,"Radisson Blu Scandinavia Hotel; history: 2026 Oslo; speakers: travel + hotel covered; event fee waived for speakers",2026-10-08,Mostly Fixed
NDC Toronto,Medium,Yes,Industry,,Unknown,12-31,TBD,TBD,TBD,2026-05-01,2026-06-30,Toronto,Canada,,https://sessionize.com/ndc-toronto-2026,,,,In-Person,America/Toronto,Vibe coding talk with Rico,2026-03-30,Unknown
NDSS Symposium,High,Yes,Academic,,Unknown,08-06,TBD,TBD,TBD,2026-02-23,2026-02-27,San Diego,United States,https://www.ndss-symposium.org,https://www.ndss-symposium.org/ndss2026/submissions/call-for-papers/,,,,In-Person,America/Los_Angeles,2026 CFP is closed and fall cycle submission deadline was with 13-page main limit,2026-03-30,Mostly Fixed
NIC 2026,Medium,Unknown,Industry,,Yes,08-10,TBD,TBD,TBD,2026-10-14,2026-10-15,Oslo,Norway,,https://sessionize.com/nic-2026,,,,In-Person,Europe/Oslo,Nordic IT pro conference Spektrum; masterclasses; cloud automation security DevOps AI; 60 min English talks levels 300-400; CFP closes per sessionize.com/nic-2026; travel and accommodation covered economy class,2026-06-17,Fixed
No Hat,Medium,Unknown,Industry,,Yes,07-15,TBD,TBD,TBD,2026-10-10,2026-10-10,Bergamo,Italy,https://www.nohat.it,https://www.nohat.it/cfp,,,,In-Person,Europe/Rome,Catalog entry verified,2026-06-05,Unknown
NOPcon,Medium,Unknown,Industry,,Yes,06-30,TBD,TBD,TBD,2026-09-17,2026-09-17,Istanbul,Turkey,https://nopcon.tr,,,,,In-Person,Europe/Istanbul,Catalog entry verified,2026-06-05,Unknown
NorthSec,High,Yes,Industry,CTF|Villages|Panels,Partial,TBD,TBD,TBD,TBD,2027-05-20,2027-05-21,Montreal,Canada,https://www.nsec.io/,https://nsec.io/cfp/,https://nsec.io/training-sessions/,,,In-Person,America/Toronto,Community-run nonprofit applied security week; 2027 per trainings conference 48h CTF Bonsecours Market; 1500+ attendees; talks streamed YouTube; limited speaker travel; no sponsored talks; LinkedIn; history: 2026 CfP closed pretalx; cfp: open close unlisted; src: https://cfp.nsec.io/ https://www.linkedin.com/company/northsec/,2026-06-01,Fixed
Nullcon Berlin,High,Unknown,Industry,,Unknown,07-10,TBD,TBD,TBD,2026-11-05,2026-11-09,Berlin,Germany,https://bit.ly/49UTwfv,,,,,In-Person,Europe/Berlin,Catalog entry verified,2026-06-05,Unknown
Nullcon Goa,High,Yes,Industry,,Yes,11-20,TBD,TBD,TBD,2026-02-28,2026-03-01,Goa,India,https://nullcon.net/goa-2026,,https://nullcon.net/goa-2026,https://nullcon.net/,,In-Person,Asia/Kolkata,16th edition -; CFP abstract deadline; Day Zero invite-only; 2027 not yet announced,2026-04-01,Unknown
Oh My Hack,Medium,Yes,Industry,,Unknown,03-15,TBD,TBD,TBD,2026-12-02,2026-12-02,Warsaw,Poland,https://omhconf.pl/,,,,,In-Person,Europe/Warsaw,8th edition PGE Narodowy Aleja Księcia Józefa Poniatowskiego 1; upgraded successor to What The H@ck; nonprofit Proidea organizer Kraków; program board Adam Haertle Zaufana Trzecia Strona; src: https://www.linkedin.com/company/omhconf/,2026-06-01,Fixed
Offensive AI Con,High,No,Mixed,,Partial,07-31,TBD,TBD,TBD,2026-10-04,2026-10-07,Oceanside,United States,https://www.offensiveaicon.com/,https://sessionize.com/offensive-ai-con/,,,,In-Person,America/Los_Angeles,"Invite-only research conference on offensive AI (RemoteThreat); ~350 capacity sold out Year 2; history: 2025 Oceanside; speakers: 3 hotel nights Michelin dinner travel stipend academia/seed startups; src: https://www.linkedin.com/company/offensive-ai-con/ https://events.humanitix.com/oaic",2026-10-05,Mostly Fixed
Open Security Conference,Medium,Unknown,Mixed,Panels,Unknown,TBD,TBD,TBD,TBD,2026-11-05,2026-11-08,Rückersbach,Germany,https://opensecurityconference.org/,,,,,In-Person,Europe/Berlin,osco; Open Space format no upfront CFP program co-created onsite plus keynotes; community international people-centred; pre-registration open full registration TBA ticket incl meals lodging max €700; history: 2026 SeminarZentrum; src: https://www.linkedin.com/company/open-security-conference/,2026-06-01,Fixed
OrangeCon,Medium,Unknown,Industry,Villages,No,03-31,TBD,TBD,TBD,2026-06-04,2026-06-04,Amsterdam,Netherlands,https://orangecon.nl/,https://pretalx.com/orangecon-2026/cfp,https://orangecon.nl/trainings/,,,In-Person,Europe/Amsterdam,OC2026 nonprofit Dutch community infosec con; conference Meervaart; paid trainings; villages talks workshops; CfP closed 23:59 CEST; no travel or expenses; complimentary pass if accepted; src: https://www.linkedin.com/company/orangecon/,2026-06-01,Fixed
Out of The Box Jakarta,Medium,No,Industry,CTF,Unknown,TBD,TBD,TBD,TBD,TBD,TBD,Jakarta,Indonesia,https://ootb.net/jkt2026,https://cfp.directory/events/out-of-the-box-2026-jakarta,,,,In-Person,Asia/Jakarta,HITB/Xynexis offensive security Grand Hyatt Jl MH Thamrin Menteng; site banner POSTPONED TO Q4 2026 due to Middle East situation affecting partners new dates TBA venue same; cfp: open close unlisted,2026-10-04,Mostly Fixed
OWASP 25th Anniversary Virtual Conference,Medium,Yes,Industry,,Unknown,TBD,TBD,TBD,TBD,2026-09-22,2026-09-22,Virtual,Global,https://owasp.org/events/,,,,,Virtual,UTC,per owasp.org/events; separate Feb 2026 anniversary recording available on owasp.org,2026-07-03,Unknown
OWASP AppSec Days France,Medium,Unknown,Industry,,Unknown,05-07,TBD,TBD,TBD,2026-09-24,2026-09-24,Paris,France,https://www.owaspappsecdays.fr/2026/index.html,,,,,In-Person,Europe/Paris,First OWASP conference in; 150+ expected; CFP closed; speakers posted tickets open per OWASP newsletter Jun 2026,2026-07-03,Unknown
OWASP AppSec Days India,Medium,Yes,Industry,Mentorship,Unknown,07-31,TBD,TBD,TBD,2026-11-21,2026-11-22,Virtual,India,,https://sessionize.com/owasp-global-appsec-india-2026-cfp/,,,,Virtual,Asia/Kolkata,AppSec Days; 1200+ expected; CFP open closes per sessionize.com/owasp-global-appsec--2026-cfp; mentorship track; .appsecdays.org,2026-07-03,Unknown
OWASP AppSec Days Middle East,Medium,Unknown,Industry,,Unknown,TBD,TBD,TBD,TBD,TBD,TBD,TBD,Unknown,https://owasp.org/events/,,,,,In-Person,Asia/Dubai,2026 edition October dates TBD per OWASP Events newsletter Jun 2026; watch owasp.org/events,2026-07-03,Unknown
OWASP AppSec Days Portugal,High,No,Industry,CTF,Unknown,05-09,04-24,TBD,TBD,2026-09-23,2026-09-24,Porto,Portugal,https://appsecdays.pt/,,,https://appsecdays.pt/,,In-Person,Europe/Lisbon,AppSec Days Fundação António Cupertino de Miranda; 400+ attendees; CFP CfT closed and; schedule and early-bird tickets open per OWASP newsletter Jun 2026,2026-07-03,Fixed
OWASP AppSec Israel,High,Yes,Industry,,Unknown,03-06,TBD,TBD,TBD,2026-10-06,2026-10-06,Tel Aviv,Israel,https://appsecil.org/,,,https://appsecil.org/,,In-Person,Asia/Jerusalem,AppSecIL 2026 Expo Pavilion 10 date change per appsecil.org and OWASP newsletter Jun 2026; 1000+ attendees; CFP closed; registration open,2026-07-03,Fixed
OWASP BASC,Medium,No,Industry,,Unknown,01-11,TBD,TBD,TBD,2026-04-11,2026-04-11,Cambridge,United States,,https://sessionize.com/owasp-basc-2026/,,https://owasp.org/events/,,In-Person,America/New_York,CFP closed; one-day event at Boston Marriott,2026-04-01,Unknown
OWASP BeNeLux Days,Medium,Unknown,Mixed,,Unknown,TBD,TBD,TBD,TBD,2026-11-27,2026-11-28,Amsterdam,Netherlands,https://2026.owaspbenelux.eu/,,,,,In-Person,Europe/Amsterdam,2026 per OWASP Events newsletter Jun 2026; annual rotation Belgium; CFP not yet published; history: 2025 Mechelen Belgium; src: https://www.owaspbenelux.eu/,2026-07-03,Rotating
OWASP Frankfurt,Medium,No,Mixed,,Unknown,TBD,TBD,TBD,TBD,TBD,TBD,Frankfurt,Germany,https://owasp.org/www-chapter-frankfurt/,,,https://owasp.org/www-chapter-frankfurt/,,In-Person,Europe/Berlin,Imported from provided conference history list,2026-03-30,Mostly Fixed
OWASP Global AppSec Europe,High,Yes,Mixed,,Unknown,02-03,12-12,TBD,TBD,2026-06-22,2026-06-26,Vienna,Austria,https://owasp.glueup.com/event/owasp-global-appsec-eu-2026-vienna-austria-162243/,,,https://sessionize.com/owasp-global-appsec-2026EU/,,In-Person,Europe/Vienna,Global AppSec EU; event concluded per OWASP newsletter Jun 2026; member recordings forthcoming; history: 2026 Centre trainings conference,2026-07-03,Rotating
OWASP Global AppSec USA 2026,High,Yes,Mixed,,Unknown,06-29,04-01,TBD,TBD,2026-11-05,2026-11-06,San Francisco,United States,,https://sessionize.com/owasp-global-appsec-us-2026-cfp-SF/,https://sessionize.com/owasp-global-appsec-USA-SF-2026-c/,,,In-Person,America/Los_Angeles,Global AppSec US trainings conference Hyatt Regency Embarcadero; 800+ attendees OWASP 25th anniversary; CFP closed; trainings posted registration open per OWASP newsletter Jun 2026; CfT closed,2026-07-03,Rotating
OWASP Global AppSec USA 2027,High,Yes,Mixed,,Unknown,TBD,TBD,TBD,TBD,2027-09-20,2027-09-24,Atlanta,United States,https://owasp.org/events/,,,,,In-Person,America/New_York,GA per OWASP Foundation events calendar; US flagship rotates after; venue CfP CfT GlueUp registration not yet published Jun 2026; expect trainings plus conference days similar to prior USA editions; history: 2026 San Francisco Nov; 2025 Washington DC,2026-06-01,Rotating
OWASP Global AppSec Washington DC,High,Yes,Mixed,,Unknown,06-24,03-16,TBD,TBD,2025-11-06,2025-11-07,Washington DC,United States,,https://sessionize.com/owasp-global-appsec-USA-2025-cfp2,https://sessionize.com/owasp-global-appsec-us-2025-cft,https://globalappsec.org/,,In-Person,America/New_York,Official Sessionize pages show CFP closed and CfT closed; conference with training,2026-03-31,Rotating
OWASP Italy Day 2026,Medium,No,Mixed,,Unknown,TBD,TBD,TBD,TBD,2026-06-18,2026-06-18,Cagliari,Italy,https://owasp.org/www-chapter-italy/events/OWASPItalyDay2026-06-18,,,,,In-Person,Europe/Rome,Free one-day in-person AppSec AI security DevSecOps event Emerson Beach Club Sardinia; main program from 15:30; OWASP trainings plus morning workshop; full speaker agenda published on official page no open CfP listed,2026-06-05,Rotating
OWASP LASCON,Medium,Yes,Industry,,Unknown,06-08,06-08,TBD,TBD,2026-10-29,2026-10-30,Austin,United States,,https://sessionize.com/owasp-lascon-2026/,https://sessionize.com/owasp-lascon-2026-training/,,,In-Person,America/Chicago,LASCON trainings conference Norris Conference Center; 400+ attendees; CFP CfT closed; registration open per OWASP newsletter Jun 2026,2026-07-03,Mostly Fixed
OWASP MAScon,Medium,No,Mixed,,Unknown,02-03,TBD,TBD,TBD,2026-06-25,2026-06-25,Vienna,Austria,https://mas.owasp.org/news/2026/03/20/owasp-mascon-is-here/,,,,,In-Person,Europe/Vienna,First OWASP MAS mobile app security conference within Global AppSec EU; half-day track Thu Sched MobileAppSecCon; parent event trainings conference; history: 2026 Center,2026-06-01,Mostly Fixed
OWASP SnowFROC,Medium,No,Industry,CTF,Unknown,02-01,01-05,TBD,TBD,2026-04-16,2026-04-17,Denver,United States,,https://sessionize.com/OWASP-SNOWFROC-2026/,https://sessionize.com/owasp-snowfroc-2026-training/,,,In-Person,America/Denver,SnowFROC Front Range OWASP Conference presented by and Boulder OWASP chapters; first two-day edition University of Cable Center theme Taxing the Threat Actors; training day talks ~400 attendees; src: https://snowfroc.com/ https://www.linkedin.com/company/snowfroc/,2026-06-01,Fixed
PAM,Medium,No,Academic,,Unknown,10-15,TBD,TBD,TBD,2026-03-23,2026-03-25,Virtual,Austria,https://pam2026.at,https://pam2026.at/cfp/,,,,Virtual,UTC,2026 was a fully event organized by IT:U; paper deadline,2026-04-01,Rotating
PLDI,Medium,Yes,Academic,,Unknown,11-13,TBD,TBD,TBD,2026-06-17,2026-06-19,Boulder,United States,https://pldi26.sigplan.org/dates,,,,,In-Person,America/Denver,47th ACM SIGPLAN PLDI; workshops main conference at Limelight CO; submission deadline,2026-04-01,Rotating
POC,High,Unknown,Industry,CTF,Yes,09-30,06-26,TBD,TBD,2026-11-12,2026-11-13,Seoul,South Korea,https://powerofcommunity.net/,,,,,In-Person,Asia/Seoul,Power of Community; trainings; Korea first international hacking conference by POC Security; CFP open Submit CFP modal closes 23:59:59 KST may close early when slots fill; CFT closed; history: 2026 Nov Westin Parnas; src: https://pocsec.com/,2026-08-10,Mostly Fixed
POPL,Medium,Yes,Academic,,Unknown,07-09,TBD,TBD,TBD,2027-01-10,2027-01-16,Mexico City,Mexico,https://popl27.sigplan.org/dates,,,,,In-Person,America/Mexico_City,Research paper deadline listed on official POPL 2027 dates page,2026-03-30,Rotating
Positive Hack Talks Kuala Lumpur,Low,Unknown,Industry,,Yes,04-15,TBD,TBD,TBD,2026-05-05,2026-05-05,Kuala Lumpur,Malaysia,https://phtalks.ptsecurity.com/kualalumpur,https://cfp.phdays.com/positive-hack-talks-kuala-lumpur-2026/cfp,,,,In-Person,Asia/Kuala_Lumpur,Free technical community meetup by Positive Technologies Pavilion Hotel; offense-focused 40-min talks English with live Bahasa Melayu translation plus community stand-ups; CFP pretalx closed; history: 2027 KL dates announced; 2024 Hanoi Nov; 2024 Cairo Feb; 2025 Jakarta Jul,2026-07-08,Rotating
PraSec,Medium,No,Industry,Panels,Yes,TBD,TBD,TBD,TBD,2026-09-10,2026-09-11,Prague,Czech Republic,https://reg.prasec.cz/prasec-100-call-papers,,,,,In-Person,Europe/Prague,100 Security Conference 4th edition Sep 2026 invite-only free concluded; WarCon-inspired private Czech IT security; Chatham House no photos of people/slides; organizers Jan Marek Dan Petr; speakers: speakers flight up to 500 EUR and 1 hotel night up to 150 EUR plus speakers dinner Sep 9; src: https://prasec.cz/ https://prasec.cz/history.html,2026-10-04,Mostly Fixed
Qatar Information Security Conference,Low,Yes,Industry,,Yes,TBD,TBD,TBD,TBD,2024-05-01,2024-05-31,Doha,Qatar,https://www.qatarinfosec.com/,,,,,In-Person,Asia/Qatar,Added from requested 2024 conference list,2026-03-30,Unknown
QCon London,High,Yes,Industry,,Unknown,TBD,TBD,TBD,TBD,2026-03-16,2026-03-18,London,United Kingdom,https://www.qconlondon.com/,,,https://www.qconlondon.com/,,In-Person,Europe/London,No CFP; speakers invited by track hosts via networks; conference was at QEII Centre,2026-04-01,Unknown
RAID,High,Yes,Academic,,Unknown,04-16,TBD,TBD,TBD,2026-10-11,2026-10-14,Lancaster,United Kingdom,https://raid2026.org/,,,,,In-Person,Europe/London,Paper submission deadline on official RAID 2026 site,2026-03-30,Rotating
RE:BOOT,Medium,No,Industry,Villages,Partial,10-20,TBD,TBD,TBD,2027-01-09,2027-01-09,Kuala Lumpur,Malaysia,https://reboot.by.rehack.xyz,https://reboot.by.rehack.xyz/cfp,,,,In-Person,Asia/Kuala_Lumpur,2027 technical-first community mini-conference by RE:HACK Consultancy No Hype Just Hacks; tentatively Sat venue TBC ~100-150 attendees; talks 15/30/45 min plus villages; src: https://cfp.directory/events/re-boot,2026-10-04,Unknown
Recon Village at DEF CON 34,High,Unknown,Industry,Villages,No,04-04,TBD,TBD,TBD,2026-06-15,2026-06-15,Las Vegas,United States,https://reconvillage.org/,,,,,In-Person,America/New_York,Catalog entry verified,2026-06-05,Unknown
Red Team Village at DefCon 34,Medium,Unknown,Industry,Villages,Unknown,06-01,TBD,TBD,TBD,2026-08-07,2026-08-09,Las Vegas,United States,,https://sessionize.com/rtv-at-dc34/,,,,In-Person,America/New_York,Catalog entry verified,2026-06-05,Unknown
RooCon Sydney,Low,Yes,Industry,,Unknown,TBD,TBD,TBD,TBD,2026-11-05,2026-11-05,Sydney,Australia,https://roocon.org.au/,,,,,In-Person,Australia/Sydney,Estimated from prior early-November pattern,2026-03-30,Unknown
RSAC USA,High,Yes,Industry,,Unknown,08-24,08-24,TBD,TBD,2026-03-23,2026-03-26,San Francisco,United States,https://www.rsaconference.com,https://www.rsaconference.com/usa/call-for-submissions,https://www.rsaconference.com/usa/call-for-submissions/faq,,,In-Person,America/Los_Angeles,RSAC; no separate CfT portal—track sessions and Learning Labs (2h hands-on trainings) via unified Call for Submissions opened closed 23:59 PT; FAQ /faq; RSAC 2027; history: 2026 Moscone SF,2026-06-01,Mostly Fixed
RVAsec,Medium,Yes,Industry,,Unknown,03-27,TBD,TBD,TBD,2026-06-09,2026-06-10,Richmond,United States,https://rvasec.com,https://rvasec.com/cfp/,,https://rvasec.com/,,In-Person,America/New_York,Estimated from 2025 official CFP close date and RVAsec site-published 2026 conference dates at Marriott,2026-06-05,Unknown
ScapyCon,Medium,No,Academic,,Unknown,TBD,TBD,TBD,TBD,2026-09-15,2026-09-16,Regensburg,Germany,https://forms.cloud.microsoft/e/STK4ADLkBA,,,,,In-Person,Europe/Berlin,Automotive 3rd edition TechBase Franz-Mayer-Str 1 concluded; academic-relevant applied research community Scapy packet manipulation automotive IoT aviation defense; src: https://scapycon.com/ https://dissec.to/scapycon-automotive-2026/ https://www.sba-research.org/events/sba-scapycon/,2026-10-04,Fixed
SEC-T,High,Unknown,Industry,,Partial,07-26,TBD,TBD,TBD,2026-09-09,2026-09-11,Stockholm,Sweden,https://sec-t.org,,,,,In-Person,Europe/Stockholm,Catalog entry verified,2026-06-05,Unknown
SecAppDev,Medium,Yes,Mixed,,Unknown,TBD,TBD,TBD,TBD,2026-06-01,2026-06-05,Leuven,Belgium,https://secappdev.org/,,https://secappdev.org/course/,,,In-Person,Europe/Brussels,20th edition Faculty Club Groot Begijnhof; week-long immersive secure application development course nonprofit; no open CfP curated faculty 18 experts 2 keynotes 20 sessions 4 one-day workshops; 2026 in progress; history: since 2005; src: https://ti.to/secappdev/secappdev2026 https://www.linkedin.com/company/secappdev/,2026-06-01,Fixed
SECCON,Medium,Yes,Industry,CTF,Unknown,TBD,TBD,TBD,TBD,2024-12-01,2024-12-31,Tokyo,Japan,https://seccon.jp/,,,https://seccon.jp/,,In-Person,Asia/Tokyo,Added from requested 2024 conference list,2026-03-30,Unknown
SecNerdsCon,Low,No,Industry,,Unknown,TBD,TBD,TBD,TBD,2026-05-30,2026-05-30,San Francisco,United States,https://secnerdssf.com/thecon,,,,,In-Person,America/Los_Angeles,SecNerds The Conference community SF infosec James Bong Building 833 Market St suite 400 concluded; full agenda on; no talk CfP close date on official site (LinkedIn promo cited ); tickets Luma; artists form; org; src: https://forms.gle/UQn6uSjkLxJ98k6c7 https://secnerdssf.com/,2026-10-04,Fixed
SecTor,Medium,Yes,Industry,,Yes,05-26,TBD,TBD,TBD,2026-10-06,2026-10-08,Toronto,Canada,https://sectorcfp.blackhat.com,https://sectorcfp.blackhat.com/,,,,In-Person,America/Toronto,2026 Black Hat briefings Metro Convention Centre; event; CFP opened closed 23:59 ET; notifications by; speaker benefits per Black Hat briefings policy; cfp@blackhat.com; no public workshop CfP,2026-06-01,Mostly Fixed
Security Camp Japan,Medium,No,Industry,,Yes,TBD,TBD,TBD,TBD,2024-08-01,2024-08-31,Tokyo,Japan,https://security-camp.jp/,,https://security-camp.jp/,https://security-camp.jp/,,In-Person,Asia/Tokyo,Added from requested 2024 conference list,2026-03-30,Unknown
Security unter Kontrolle,Medium,Unknown,Industry,,Unknown,09-15,TBD,TBD,TBD,2027-03-02,2027-03-03,Duisburg,Germany,https://atpinfo.de,https://atpinfo.de/security-unter-kontrolle-call-for-contributions/,,,,In-Person,Europe/Berlin,SuK 4th edition Gebläsehallenkomplex Landschaftspark Nord; German OT/industrial automation security congress Vulkan-Verlag admeritia; CfC open until email info@security-unter-kontrolle.de 30 min talks German; src: https://www.linkedin.com/company/security-unter-kontrolle/,2026-06-01,Fixed
SINCON,Medium,Yes,Industry,,Unknown,TBD,TBD,TBD,TBD,2026-10-15,2026-10-16,Singapore,Singapore,https://www.infosec-city.com/,,,,,In-Person,Asia/Singapore,Infosec In the City SINCON premier techno-centric cybersecurity conference; tentative per official site; specialised training info soon; Kampungs keynotes workshops; IIC Productions Div0 community; formerly IICSG; src: https://www.linkedin.com/company/infoseccity/,2026-06-01,Fixed
SLEUTHCON,Medium,Yes,Mixed,,Unknown,04-17,TBD,TBD,TBD,2026-06-05,2026-06-05,Arlington,United States,https://www.sleuthcon.com/,,,,,Hybrid,America/New_York,One-day cybercrime and financially-motivated threats forum Hyatt Regency Crystal City; hybrid ~500 in-person ~500+ virtual; CFP closed email submissions per sleuthcon.com/submission-guidelines; Thomas Roccia keynote; src: https://www.linkedin.com/company/sleuthcon/,2026-06-05,Mostly Fixed
SmashingConf New York,Medium,Yes,Industry,,Yes,TBD,TBD,TBD,TBD,2024-10-07,2024-10-10,New York,United States,https://smashingconf.com/,,,https://smashingconf.com/,,In-Person,America/New_York,Added from requested 2024 conference list,2026-03-30,Unknown
SpiceWorld 2026,Medium,Unknown,Industry,,Unknown,05-02,TBD,TBD,TBD,2026-06-28,2026-06-29,Austin,United States,https://www.spiceworks.com/spiceworld/,,,,,In-Person,America/New_York,Catalog entry verified,2026-06-05,Unknown
Swiss Cyber Storm,Medium,Yes,Industry,,Unknown,TBD,TBD,TBD,TBD,2026-10-20,2026-10-20,Bern,Switzerland,https://swisscyberstorm.com/,,,,,In-Person,Europe/Zurich,Estimated from 2025 official event info: conference date published but no public CFP process exposed,2026-03-30,Mostly Fixed
Techorama Belgium,Medium,Yes,Industry,,Yes,01-30,TBD,TBD,TBD,2026-05-11,2026-05-13,Antwerp,Belgium,,https://sessionize.com/techorama-2026-belgium/,,https://sessionize.com/techorama-2026-belgium/,,In-Person,Europe/Brussels,Public CFP closes,2026-03-30,Unknown
Techorama Netherlands,Medium,Yes,Industry,,Yes,05-29,TBD,TBD,TBD,2026-10-26,2026-10-28,Utrecht,Netherlands,,https://sessionize.com/techorama-2026-netherlands/,,https://www.techorama.nl/,,In-Person,Europe/Amsterdam,Techorama; workshops Van der Valk conference Kinepolis Jaarbeurs; CFP Sessionize opened closed 19:00 CEST; breakout sessions keynotes and full-day workshops; Microsoft-focused dev conference; history: 2026 NL Medieval Edition,2026-06-01,Mostly Fixed
TenguCon Japan,Low,Yes,Industry,,Unknown,TBD,TBD,TBD,TBD,2026-11-21,2026-11-22,Tokyo,Japan,https://tengucon.org/,,,,,In-Person,Asia/Tokyo,Added from backlog list,2026-03-30,Unknown
The Web Conference,High,Yes,Mixed,,Unknown,10-07,TBD,10-20,TBD,2026-06-29,2026-07-03,Dubai,United Arab Emirates,https://www2026.thewebconf.org/important-dates.html,,,https://www2026.thewebconf.org/calls.html,,In-Person,Asia/Dubai,Official WebConf 2026 homepage lists venue and updated conference dates to,2026-03-31,Rotating
THOTCON,Low,Yes,Industry,,Unknown,TBD,TBD,TBD,TBD,TBD,TBD,Chicago,United States,https://thotcon.org/,,,,,In-Person,America/Chicago,Added from backlog list,2026-03-30,Unknown
THREAT CON,Low,Unknown,Industry,CTF|Panels,Yes,06-25,TBD,TBD,TBD,2023-09-11,2023-09-13,Kathmandu,Nepal,https://threatcon.io/,,https://2023.threatcon.io/cfp,,,In-Person,Asia/Kathmandu,annual infosec conference by ThreatNix Black Hat/DEF CON style community event; fifth edition Sep 2023 NPT Hotel Yak & Yeti Durbar Marg three-day talks workshops CTF arsenal sessions; HackerOne sponsored; history: since 2018; src: https://www.linkedin.com/company/threat-con/,2026-06-01,Mostly Fixed
ThreatModCon San Francisco,Medium,No,Mixed,Panels,No,TBD,TBD,TBD,TBD,2026-11-06,2026-11-07,San Francisco,United States,https://www.threatmodcon.com/san-francisco-2026,,,,,In-Person,America/Los_Angeles,Only conference dedicated to threat modeling and secure-by-design; Hyatt Regency timed after OWASP Global AppSec USA; official site CFP opens Sessionize portal not yet published close date TBD,2026-06-01,Rotating
ThreatModCon Vienna,Medium,No,Mixed,Panels,No,03-13,TBD,TBD,TBD,2026-06-26,2026-06-27,Vienna,Austria,,https://sessionize.com/threatmodcon-2026-vienna/,,,,In-Person,Europe/Vienna,Only conference dedicated to threat modeling and secure-by-design; Meliá after OWASP Global AppSec EU; Sessionize CFP closed; ~120 delegates practitioner-led vendor-neutral,2026-06-01,Rotating
TRISS,Medium,Unknown,Industry,,Unknown,07-23,TBD,TBD,TBD,2026-10-22,2026-10-22,Pittsburgh,United States,,https://docs.google.com/forms/d/e/1FAIpQLSdtQyZMLAZ-Hko_JhcF8VGj_JfsHGDYlKb8cBG0DQOZnlWnyw/viewform,,,,In-Person,America/New_York,Catalog entry verified,2026-06-05,Unknown
Troopers,High,Yes,Industry,,Yes,03-31,03-31,TBD,TBD,2026-06-22,2026-06-26,Heidelberg,Germany,https://www.troopers.de/troopers26/contribute/,,https://cfp.troopers.de/tr26-cft/cfp,,,In-Person,Europe/Berlin,CfP deadline and CfT deadline at 23:59 Berlin; trainings conference at Print Media Academy,2026-04-01,Unknown
TyphoonCon,High,No,Industry,CTF,Yes,03-01,02-01,TBD,TBD,2026-05-24,2026-05-29,Seoul,South Korea,https://typhooncon.com,https://typhooncon.com/call-for-papers-2026/,https://typhooncon.com/call-for-training-2026/,,,In-Person,Asia/Seoul,2026 8th edition offensive security by SSD Secure Disclosure; week Moxy Myeongdong Eventbrite; trainings or 25-27 talks; ~150+ attendees; CFP closed 08:00 KST also cfp.directory/events/typhooncon-2026; history: 2018 Hong Kong typhoon name later; speakers: speakers hotel 3 nights airfare up to USD 1500 trainers 4 nights; src: https://www.eventbrite.com/e/typhooncon-2026-tickets-1968561639857,2026-08-10,Mostly Fixed
USENIX HotSec,Medium,No,Academic,,Unknown,TBD,TBD,TBD,TBD,TBD,TBD,TBD,United States,https://www.usenix.org/conferences/byname/108,,,,,In-Person,America/New_York,Track annual USENIX security workshop cycle when official HotSec page posts dates,2026-03-30,Mostly Fixed
USENIX Security,High,Yes,Academic,,Unknown,02-05,TBD,TBD,TBD,2026-08-12,2026-08-14,Baltimore,United States,https://www.usenix.org,https://www.usenix.org/conference/usenixsecurity26/call-for-papers,,,,In-Person,America/New_York,Official USENIX Security 26 CFP confirms dates (Aug 2026) and cycle 2 paper deadline AoE,2026-03-31,Mostly Fixed
USENIX WOOT,Medium,No,Academic,,Unknown,03-03,TBD,TBD,TBD,2026-08-10,2026-08-11,Baltimore,United States,https://www.usenix.org,https://www.usenix.org/conference/woot26/call-for-papers,,,,In-Person,America/New_York,Two submission cycles and cycle 2 deadline AoE on official CFP,2026-03-30,Mostly Fixed
UYBHYS,Medium,Unknown,Industry,,Partial,07-06,TBD,TBD,TBD,2026-11-06,2026-11-07,Brest,France,https://www.unlockyourbrain.bzh,,,,,In-Person,Europe/Paris,Catalog entry verified,2026-06-05,Unknown
Visual Studio Live! VSLive!,Medium,Yes,Industry,,Yes,TBD,TBD,TBD,TBD,2024-11-17,2024-11-22,Orlando,United States,https://vslive.com/,,https://vslive.com/,https://vslive.com/,,In-Person,America/New_York,Added from requested 2024 conference list,2026-03-30,Unknown
VULNCON,Medium,Unknown,Industry,Villages,Unknown,04-25,TBD,TBD,TBD,2026-06-12,2026-06-13,Bengaluru,India,https://vulncon.in,https://vulncon.in/events/vulncon2026/cfp,,,,In-Person,Asia/Kolkata,2026 technical offensive security conference Jun NIMHANS Convention Centre concluded; CFP opened closed results; Arsenal villages workshops CXO panels; partner Byt3con trainings separate venue; Equifense Technologies; src: https://vulncon.in/events/vulncon2026,2026-10-04,Unknown
W2SP,Medium,No,Academic,,Unknown,TBD,TBD,TBD,TBD,TBD,TBD,TBD,United States,https://www.ieee-security.org/TC/SPW/,,,https://www.ieee-security.org/TC/SPW/,,In-Person,America/Los_Angeles,Co-located web security workshop family with IEEE S and P and yearly CFP varies,2026-03-30,Mostly Fixed
WeAreDevelopers World Congress,High,Yes,Industry,,Unknown,02-19,TBD,TBD,TBD,2026-07-08,2026-07-10,Berlin,Germany,,https://sessionize.com/wearedevelopers-world-congress-2026-europe/,,,,In-Person,Europe/Berlin,CFP opened closed; conference at Messe CityCube,2026-04-01,Unknown
Web Summit Qatar,Medium,Yes,Industry,,Unknown,TBD,TBD,TBD,TBD,2027-01-31,2027-02-03,Doha,Qatar,https://websummit.com/qatar/,,,,,In-Person,Asia/Qatar,Speaker invite/application model; no traditional CFP; 2027 edition -; 2026 edition already concluded,2026-04-01,Unknown
WICCON,Medium,Unknown,Industry,,Unknown,06-30,TBD,TBD,TBD,2026-10-29,2026-10-30,Haarlem,Netherlands,https://wiccon.nl/,,,,,In-Person,Europe/Amsterdam,Catalog entry verified,2026-06-05,Unknown
Wild West Hackin' Fest,Medium,Unknown,Industry,,Unknown,06-06,TBD,TBD,TBD,2026-10-07,2026-10-09,Deadwood,United States,https://wkf.ms/4tedY2h,,,,,In-Person,America/Denver,Catalog entry verified,2026-06-05,Unknown
World Conference on Cyber Security and Ethical Hacking,Low,Yes,Academic,,Yes,09-28,TBD,TBD,TBD,2024-10-23,2024-10-24,Tokyo,Japan,https://waset.org/,,,,,In-Person,Asia/Tokyo,Added from requested 2024 conference list,2026-03-30,Unknown
x33fcon,High,No,Industry,,Unknown,02-02,01-12,02-02,TBD,2026-06-11,2026-06-12,Gdynia,Poland,,https://www.papercall.io/x33fcon-conference-2026,https://www.papercall.io/x33fcon-training-2026,https://www.papercall.io/x33fcon-workshops-2026,,In-Person,Europe/Warsaw,2026 10th edition purple teaming red-blue collaboration; conference Jun trainings Aleja Zwyciestwa 96/98 and online tickets via Konfeo; PaperCall CFP talks closed UTC CFT workshops; src: https://x33fcon2026.konfeo.com/ https://www.linkedin.com/company/x33fcon/,2026-06-01,Mostly Fixed
Zer0Con,High,No,Industry,,Unknown,02-22,01-01,TBD,TBD,2026-04-02,2026-04-03,Seoul,South Korea,https://zer0con.org/,,,,,In-Person,Asia/Seoul,2026 closed invite-only vuln research conference Fairmont Ambassador Hotel Yeouido; ~120 seats vetted registration USD 1500; trainings -; CFP closed CFT closed per POC Security announcements; src: https://pocsec.com/,2026-08-10,Mostly Fixed
