conference_name,priority_level,attendees_500_plus,academic_acceptance_level,submission_tracks,travel_accommodation_sponsorship,cfp_deadline_MM-DD,cft_deadline_MM-DD,cfw_deadline_MM-DD,cfv_deadline_MM-DD,conference_start_date,conference_end_date,city,country,website_or_cfp_link,cft_link,cfw_link,cfv_link,conference_type,timezone,notes,last_verified_date,venue_pattern
0xCC,Medium,No,Industry,Trainings,Yes,TBD,TBD,TBD,TBD,2025-06-13,2025-06-14,Melbourne,Australia,https://0xcc.sh/,,,,In-Person,Australia/Melbourne,Free cybersecurity training conference by women for women anyone who identifies as a woman; annual Melbourne since 2019; 2025 Jun 13-14 four parallel two-day courses attendee picks one track supply chain web hacking malware analysis Windows forensics IR; free tickets Humanitix release Mar 26 2025 AEDT travel grant applications closed Apr 11 2025; 2025 hosted EY Australia Melbourne also listed 8 Exhibition St; mentorship networking Discord; curated trainers no public CfP; 2025 concluded no 2026 dates on 0xcc.sh Jun 2026; community org linked Airglow Security founder; sponsors Bugcrowd PentesterLab Shogun Tanto; https://0xcc.sh/training.html https://events.humanitix.com/0xcc-2025; https://www.linkedin.com/company/0xcc/,2026-06-01,Mostly Fixed
8.8 Unreal Chile,High,Yes,Mixed,Talks,Unknown,08-10,TBD,TBD,TBD,2026-10-01,2026-10-02,Santiago,Chile,https://www.papercall.io/8dot8-unreal-chile,,,,In-Person,America/Santiago,8.8 Unreal 2026 8.8 Computer Security Conference 16th year Chile; Oct 1-2 Teatro Fundación CorpArtes CA660 Rosario Norte 660 Las Condes Santiago; theme 8.8 Unreal confías en lo que ves GenAI; CFP open PaperCall closes Aug 10 2026 13:25 UTC; alternate portal https://cfp.8dot8.org/ listed Aug 31 2026 verify which portal is canonical; https://unreal.8dot8.org/ tickets https://welcu.com/8dot8/88-unreal-2026/,2026-06-01,Mostly Fixed
[un]prompted,High,Yes,Industry,Talks,Unknown,08-07,TBD,TBD,TBD,2026-09-07,2026-09-10,San Francisco,United States,https://unpromptedcon.org/call-for-papers/,,,,In-Person,America/Los_Angeles,AI security practitioner conference nonprofit volunteer-run; second edition Sep 7-10 2026 San Francisco per official CFP; CFP closes Aug 7 2026 notifications Aug 21 early registration until Aug 7; six tracks offense defense program building policy demos encouraged; inaugural Mar 3-4 2026 hybrid physical and online ~700 attendees The Hibernia; videos and slides at https://unpromptedcon.org/abstract-march2026/; org https://www.linkedin.com/company/unpromptedcon/,2026-06-01,Fixed
ACM AsiaCCS,High,Yes,Academic,Talks,Unknown,12-12,TBD,TBD,TBD,2026-06-01,2026-06-05,Bangalore,India,https://asiaccs2026.cse.iitkgp.ac.in/important-dates/,,,,In-Person,Asia/Kolkata,"Official ASIACCS 2026 site lists conference dates June 1-5 2026 in Bangalore, India",2026-03-31,Rotating
ACM CCS,High,Yes,Academic,Talks,Unknown,01-14,TBD,TBD,TBD,2026-11-15,2026-11-19,The Hague,Netherlands,https://www.sigsac.org/ccs/CCS2026/call-for/call-for-papers.html,,,,In-Person,Europe/Amsterdam,"Official CCS 2026 site lists conference dates Nov 15-19 2026 in The Hague, Netherlands",2026-03-31,Rotating
ACM CoNEXT,Medium,Yes,Academic,Talks,Unknown,12-12,,,TBD,2026-12-07,2026-12-11,Utrecht,Netherlands,https://conferences.sigcomm.org/co-next/2026/,,,,In-Person,Europe/Amsterdam,Primary submission round has Dec 12 deadline and conference dates are listed on official site,2026-03-30,Rotating
ACM IMC,High,Yes,Academic,Talks,Unknown,04-29,,,TBD,2026-10-12,2026-10-16,Karlsruhe,Germany,https://conferences.sigcomm.org/imc/2026/cfp/,,,,In-Person,Europe/Berlin,Two-cycle CFP with cycle 2 paper deadline Apr 29 and replicability track available,2026-03-30,Rotating
ACSAC,Medium,Yes,Academic,Talks|Workshops,Unknown,TBD,TBD,TBD,TBD,2026-12-07,2026-12-11,Los Angeles,United States,https://www.acsac.org/,,https://www.acsac.org/,,In-Person,America/Los_Angeles,2026 edition confirmed Dec 7-11 in Los Angeles CA; 2026 CFP not yet announced (2025 deadline was May 30),2026-04-01,Rotating
Adversary Village at DEF CON 34,High,Unknown,Industry,Villages,Unknown,05-31,TBD,TBD,TBD,2026-08-07,2026-08-09,Las Vegas,United States,https://adversaryvillage.org/call-for-papers/,,,,In-Person,America/New_York,Catalog entry verified 2026-06-05,2026-06-05,Unknown
Africa Cyber Defense Summit,Low,Yes,Industry,Talks,Yes,TBD,,,TBD,2024-06-01,2024-06-30,Nairobi,Kenya,https://www.africacyberdefense.com/,,,,In-Person,Africa/Nairobi,Added from requested 2024 conference list,2026-03-30,Unknown
Africahackon,Low,Yes,Industry,Talks|Workshops|CTF,Unknown,TBD,TBD,TBD,TBD,2026-08-13,2026-08-15,Nairobi,Kenya,https://www.africahackon.com/,,https://www.africahackon.com/,,In-Person,Africa/Nairobi,2026 dates Aug 13-15 at Sarit Expo Centre Westlands Nairobi; CFP deadline not yet published,2026-04-01,Unknown
AI Security Summit London,Medium,Yes,Industry,Talks,Unknown,04-17,TBD,TBD,TBD,2026-05-14,2026-05-14,London,United Kingdom,https://sessionize.com/ai-security-summit-london/,,,,In-Person,Europe/London,AISS 2026 Practitioner Track May 14 CodeNode 10 South Pl; 20 min demo-first talks; CFP closed Apr 17 2026; part of 5-city 2026 season on aisecuritysummit.com; https://www.linkedin.com/company/the-ai-security-summit/,2026-06-01,Rotating
AI Security Summit Paris,Medium,Yes,Industry,Talks,Unknown,06-16,TBD,TBD,TBD,2026-07-07,2026-07-07,Paris,France,https://sessionize.com/ai-security-summit-paris/,,,,In-Person,Europe/Paris,AISS 2026 Leadership Track Jul 7 Pavillon Vendôme; alongside RAISE Summit Jul 8-9; 35 min talks lightning workshops; CFP open closes Jun 16 2026; EU AI Act governance focus; https://aisecuritysummit.com/,2026-06-01,Rotating
AI Security Summit San Francisco,High,Yes,Industry,Talks,Unknown,08-31,TBD,TBD,TBD,2026-10-15,2026-10-15,San Francisco,United States,https://sessionize.com/ai-security-summit-san-francisco/,,,,In-Person,America/Los_Angeles,AISS 2026 flagship Oct 15 Westin St Francis 335 Powell St; Leadership and Practitioner tracks one day; CFP open closes Aug 31 2026; 20 min practitioner talks; 2026 season also Nordics and Sydney Sep TBC; https://www.linkedin.com/company/the-ai-security-summit/,2026-06-01,Rotating
AMTSO Cyber Research Conference 2026,Medium,Unknown,Industry,,Unknown,03-31,TBD,TBD,TBD,2026-10-20,2026-10-21,Brussels,Belgium,https://www.amtso.org/special-events/amtso-cyber-research-conference-2026/,,,,In-Person,TBD,Catalog entry verified 2026-06-05,2026-06-05,Unknown
APAC DFIR Summit and Cyber Security Training,Medium,Yes,Industry,Trainings|Talks,Yes,TBD,TBD,TBD,TBD,2024-09-06,2024-09-14,Tokyo,Japan,https://www.sans.org/,https://www.sans.org/,,,In-Person,Asia/Tokyo,Added from requested 2024 conference list,2026-03-30,Unknown
AppSec Days Singapore,Medium,Yes,Industry,Talks|Workshops,Unknown,TBD,TBD,TBD,TBD,2025-09-12,2025-09-13,Singapore,Singapore,https://singapore.appsecdays.org/,,https://singapore.appsecdays.org/,,In-Person,Asia/Singapore,2025 dates Sep 12-13; accepts CFP historically via Sessionize; no 2026 edition announced yet,2026-04-01,Mostly Fixed
AppSec Village @ DEF CON,High,Yes,Industry,Talks|Workshops|Panels,Unknown,05-31,TBD,TBD,TBD,2026-08-06,2026-08-09,Las Vegas,United States,https://sessionize.com/appsec-village-def-con-34/,,,,In-Person,America/Los_Angeles,DEF CON 34 village Las Vegas Convention Center; blind-review CFP Sessionize opened Apr 1 closed May 31 2026 PDT; talks panels workshops POD activities in-person; actively seeks underrepresented and first-time speakers; volunteer 501c3; cfp@appsecvillage.com; https://www.appsecvillage.com/cfp,2026-06-01,Mostly Fixed
Area41,High,Yes,Industry,Talks|Villages,Partial,04-12,TBD,TBD,TBD,2026-06-18,2026-06-19,Zürich,Switzerland,https://area41.io/,,,,In-Person,Europe/Zurich,Switzerland technical infosec conference by Swiss DEF CON chapter DC4131 formerly hashdays; biennial since 2010; Jun 18-19 2026 16th edition 0x10 at TheHall Zürich Stettbach; 600 cap officially sold out Jun 2026; agenda live https://area41.io/#day1 six hands-on villages; CFP https://cfp.a41con.ch/2026/cfp closed Apr 12 2026; 30-min English main track; speakers travel expenses only; https://www.linkedin.com/company/area41-security-conference/,2026-06-01,Mostly Fixed
ATT&CKcon,High,Unknown,Industry,,Unknown,07-03,TBD,TBD,TBD,2026-10-27,2026-10-28,McLean,United States,https://www.openconf.org/ATTACKcon2026/,,,,In-Person,America/New_York,Catalog entry verified 2026-06-05,2026-06-05,Unknown
AVTOKYO,Medium,No,Industry,,Partial,09-26,TBD,TBD,TBD,2026-11-21,2026-11-21,Tokyo,Japan,https://www.avtokyo.org/avtokyo2026/cfp,,,,In-Person,Asia/Tokyo,AVTOKYO 2026 community Japanese computer security evening no drink no hack Nov 21 TK NIGHTCLUB Shibuya; CFP Google Form closes Sep 26 2026 23:59 JST long 30 min short 10 min; long-session speakers travel up to 100000 JPY overseas or 50000 JPY domestic free entry drinks; CFX ideas also due Sep 26; since 2008; https://www.avtokyo.org/avtokyo2026/; https://forms.gle/YmqUuh2WsUAEeZjr8,2026-10-04,Mostly Fixed
BalCCon,Medium,Unknown,Industry,,Partial,06-30,TBD,TBD,TBD,2026-09-18,2026-09-20,Novi Sad,Serbia,https://balccon.org,,,,In-Person,Europe/Belgrade,Catalog entry verified 2026-06-05,2026-06-05,Unknown
Beacon,Medium,No,Industry,,Unknown,TBD,TBD,TBD,TBD,2026-09-23,2026-09-23,London,United Kingdom,https://beac0n.org/,,,,In-Person,Europe/London,London red team community conference annual summit Wed Sep 23 2026 per beac0n.org; offensive security EDR evasion stealth masterclasses; nonprofit since 2022; hosts C2 London User Group; no public CFP portal; tickets Eventbrite; rotating venues; https://www.linkedin.com/company/wearebeacon/,2026-07-03,Rotating
BHack Brazil,Medium,Yes,Industry,CTF|Villages|Workshops,Unknown,TBD,TBD,TBD,TBD,2025-12-06,2025-12-07,Belo Horizonte,Brazil,https://bhack.com.br/,,,,In-Person,America/Sao_Paulo,Annual Belo Horizonte information security conference since 2012; 15th edition Dec 6-7 2025 MinasCentro Rua dos Guajajáras 1022; talks CTF villages workshops; major national circuit event; no public CfP portal contact contato@bhack.com.br; 2026 dates not announced Jun 2026; https://www.linkedin.com/company/bhack/,2026-06-04,Fixed
Black Alps,High,Yes,Industry,CTF,Partial,06-30,TBD,TBD,TBD,2026-11-05,2026-11-06,Yverdon-les-Bains,Switzerland,https://pretalx.com/blackalps-2026/cfp/,,,,In-Person,Europe/Zurich,Nonprofit Swiss cybersecurity conference since 2017; Nov 5-6 2026 La Marive Yverdon-les-Bains 600+ attendees 20+ talks CTF networking dinners; CFP open Pretalx until Jun 30 2026 30-min English talks plus student track; 2025 cycle closed Jul 31; speakers travel reimbursement 2 hotel nights free admission; HEIG-VD Y-PARC; summer social event Jun 11 2026 separate; https://blackalps.ch/ba-26/home https://www.linkedin.com/company/blackalps/,2026-06-04,Fixed
Black Hat Asia,High,Yes,Industry,Trainings|Talks,Yes,12-11,09-01,TBD,TBD,2026-04-21,2026-04-24,Singapore,Singapore,https://blackhat.com/asia-26/,https://asia-trainings-cfp.blackhat.com/,,,In-Person,Asia/Singapore,Merged Black Hat Asia briefings + trainings; Apr 21-24 2026 Marina Bay Sands Singapore; trainings CFP closed Sep 1 2025 briefings CFP closed Dec 11 2025; briefings portal https://asia-briefings-cfp.blackhat.com/,2026-06-01,Mostly Fixed
Black Hat Europe,High,Yes,Industry,Trainings|Talks,Yes,08-11,03-31,TBD,TBD,2026-12-07,2026-12-10,London,United Kingdom,https://blackhat.com/upcoming.html,https://europe-trainings-cfp.blackhat.com/,,,In-Person,Europe/London,Estimated from 2025 official Black Hat Europe CFP cycle; 2026 dates verified on official Black Hat Upcoming page,2026-03-30,Mostly Fixed
Black Hat India,High,Yes,Industry,Trainings|Talks,Unknown,TBD,TBD,TBD,TBD,2026-10-27,2026-10-30,Bengaluru,India,https://www.blackhat-india.com/,,,,In-Person,Asia/Kolkata,Black Hat India 2026 debut Oct 27-30 Bengaluru Sheraton Grand; trainings Tue-Wed Oct 27-28 briefings Thu-Fri Oct 29-30 Summit Day in program; CfP/CfT portals not on blackhat.com call-for-papers yet Jun 2026; registrations open soon per https://www.blackhat-india.com/,2026-06-01,Fixed
Black Hat MEA,High,Yes,Industry,Talks|Trainings,Yes,08-31,TBD,TBD,TBD,2026-12-01,2026-12-03,Riyadh,Saudi Arabia,https://bhmea2026.awardsplatform.com/,,,,In-Person,Asia/Riyadh,Black Hat MEA 2026 Dec 1-3 Riyadh Exhibition and Convention Center Malham; briefings CFP https://bhmea2026.awardsplatform.com/ open closes Aug 31 2026 23:00 KSA; notifications Sep 14; 20 or 40 min talks; speaker benefits per Black Hat briefings policy; cfp@blackhat.com,2026-06-01,Mostly Fixed
Black Hat USA,High,Yes,Industry,Talks|Trainings,Yes,TBD,12-07,TBD,TBD,2026-08-01,2026-08-06,Las Vegas,United States,https://www.blackhat.com/call-for-papers.html,https://usa-trainings-cfp.blackhat.com/,,,In-Person,America/Los_Angeles,Merged Black Hat USA + Black Hat USA Trainings into single row; conference week Aug 1-6 with trainings Aug 1-4 and current CFT deadline 12-07,2026-03-30,Mostly Fixed
BlueCon Japan,Low,Yes,Industry,Trainings|Talks,Unknown,09-01,TBD,TBD,TBD,2026-11-01,2026-11-30,Tokyo,Japan,https://codeblue.jp/en/,https://codeblue.jp/en/,,,In-Person,Asia/Tokyo,Estimated from CODE BLUE annual November schedule and prior CFP cycle,2026-03-30,Unknown
BruCON Autumn Training,High,Yes,Industry,Trainings,Unknown,TBD,04-30,TBD,TBD,2026-09-21,2026-09-23,Mechelen,Belgium,https://www.brucon.org/,https://sessionize.com/brucon-0x12/,,,In-Person,Europe/Brussels,BruCON 0x12 autumn training Sep 21-23 2026 2/3-day courses Mechelen in-person or virtual; CfT closed Apr 30 2026 Sessionize feedback May 31; https://www.linkedin.com/company/brucon_2/,2026-06-01,Fixed
BruCON Conference,High,Yes,Industry,Talks|Workshops|Trainings,Unknown,04-30,04-30,TBD,TBD,2026-09-24,2026-09-25,Mechelen,Belgium,https://sessionize.com/brucon-0x12/,https://sessionize.com/brucon-0x12/,https://www.brucon.org/,https://www.brucon.org/call-for-volunteers,In-Person,Europe/Brussels,BruCON 0x12 Sep 24-25 2026 Lamot Van Beethovenstraat 8-10 Mechelen ~600 attendees; CFP/CfT closed Apr 30 2026; schedule release May 31 tickets Jun 1 2026; autumn training Sep 21-23; topics AI agentic security IoT hardware; https://www.linkedin.com/company/brucon_2/,2026-06-01,Fixed
BruCON Spring Training,High,Yes,Industry,Trainings,Unknown,TBD,11-30,TBD,TBD,2026-04-22,2026-04-24,Ghent,Belgium,https://www.brucon.org/,https://www.brucon.org/,,,Hybrid,Europe/Brussels,BruCON 0x12 spring training Apr 22-24 2026 concluded; mix in-person and virtual 2/3-day courses; next spring CfT window Nov 1-30 feedback Dec 10 per brucon.org; https://www.linkedin.com/company/brucon_2/,2026-06-01,Fixed
BSI Deutscher IT-Sicherheitskongress,Medium,Yes,Industry,Talks,Unknown,01-07,,,TBD,2026-04-15,2026-04-16,Bonn,Germany,https://coms.app/bsi-kongress2026/welcome.html,,,,In-Person,Europe/Berlin,Added from backlog list,2026-03-30,Unknown
BSides Ahmedabad,High,Yes,Industry,,Partial,05-15,TBD,05-15,TBD,2026-09-26,2026-09-27,Ahmedabad,India,https://bsidesahmedabad.in/conference/call-for-papers/,,https://bsidesahmedabad.in/conference/call-for-papers/,,In-Person,Asia/Kolkata,BSides Ahmedabad 7th edition India longest-running BSides; conference Sep 26-27 2026 Hyatt Regency Ahmedabad trainings Sep 24-25; cumulative 5K+ attendees; CFP opened Mar 18 closed May 15 2026 talks 30 min workshops 2 hr same portal; speaker pass accommodation 2 nights speakers dinner; founded 2019; https://bsidesahmedabad.in/; cfp.directory/organizations lead,2026-10-04,Mostly Fixed
BSides Berlin,Medium,Unknown,Industry,,Unknown,08-03,TBD,TBD,TBD,2026-11-13,2026-11-13,Berlin,Germany,https://docs.google.com/forms/d/e/1FAIpQLSdAmxsqYIM34tE0N8Y3HeDinqx6a6pLCt3IdIbdc-6eIgLEiA/viewform,,,,In-Person,Europe/Berlin,Catalog entry verified 2026-06-05,2026-06-05,Unknown
BSides Canberra,Low,Unknown,Industry,Talks|Workshops,Unknown,TBD,TBD,TBD,TBD,2023-09-28,2023-09-30,Canberra,Australia,https://www.bsidesau.com.au/2023/index.html,,https://www.bsidesau.com.au/2023/index.html,,In-Person,Australia/Sydney,BSides Canberra 2023 dates verified,2026-03-30,Mostly Fixed
BSides Cape Town,Low,Yes,Industry,Talks|Workshops|CTF,Unknown,TBD,TBD,TBD,TBD,TBD,TBD,Cape Town,South Africa,https://bsidescapetown.co.za/,,https://bsidescapetown.co.za/,,In-Person,Africa/Johannesburg,Grassroots community BSides since 2011 first weekend of December Cape Town; 2025 Redacted edition Dec 6 Lagoon Beach Hotel blind CFP pretalx closed Sep 30; 2-3 tracks keynotes CTF lockpicking; 2026 dates and CFP not yet announced watch https://bsidescapetown.co.za/; cfpreview@bsidescapetown.co.za organisers@bsidescapetown.co.za,2026-06-01,Mostly Fixed
BSides Edmonton,Medium,Unknown,Industry,,Partial,06-01,TBD,TBD,TBD,2026-09-24,2026-09-25,Edmonton,Canada,https://www.bsidesedmonton.org/,,,,In-Person,America/Toronto,Catalog entry verified 2026-06-05,2026-06-05,Unknown
BSides Frankfurt,Medium,Unknown,Industry,Talks|Workshops,Partial,08-01,TBD,TBD,TBD,2026-09-10,2026-09-11,Frankfurt,Germany,https://bsidesfrankfurt.org/,,,,In-Person,Europe/Berlin,BSidesFrankfurt Sep 10-11 2026 Goethe-Universität Frankfurt; Germany community infosec no vendor pitches; CFP open via Pretalx since Apr 1 2026 first-time speaker slots; early-bird tickets Mar 20 2026; BSides Women discounted tickets NVISO; partner Elbsides Hamburg; CFP close Aug 1 verify on Pretalx; https://www.linkedin.com/company/bsides-frankfurt/,2026-06-05,Unknown
BSides Greenville,Medium,Yes,Industry,,Unknown,07-01,TBD,TBD,TBD,2026-08-29,2026-08-29,Greenville,United States,https://www.bsidesgreenville.org/,,,,In-Person,America/New_York,Catalog entry verified 2026-06-05,2026-06-05,Unknown
BSides Hong Kong,Medium,No,Industry,,Unknown,TBD,TBD,TBD,TBD,2026-06-25,2026-06-26,Hong Kong,Hong Kong,https://bsideshk.org/,,https://bsideshk.org/,,In-Person,Asia/Hong_Kong,BSidesHK 2026 community not-for-profit Jun 25 conference Deloitte One Pacific Place Admiralty and Jun 26 workshops PwC Manulife Financial Centre Kwun Tong; free tickets capacity limited; CFP and workshops opened Feb 2026 close date not published; 2026 concluded; schedule https://bsideshk.org/schedule/; tickets https://bsideshk.org/tickets; enquiry cybersec@hkpc.org; https://www.linkedin.com/company/bsideshk/,2026-08-10,Rotating
BSides Joburg,Low,Yes,Industry,Talks|Workshops,Unknown,05-31,TBD,TBD,TBD,2026-07-25,2026-07-25,Johannesburg,South Africa,https://pretalx.com/bsides-joburg-2026/cfp,,https://bsidesjoburg.co.za/,,In-Person,Africa/Johannesburg,3rd edition Jul 25 2026 08:00-18:00 Focus Rooms 20 Heaton Lane Longlake Johannesburg; theme Light The Way; ~400-500 attendees 2 tracks lockpicking; volunteer community BSides; CFP pretalx closes May 31 2026 23:59 SAST notifications Jun 5; tickets via Quicket,2026-06-01,Mostly Fixed
BSides Kerala,Medium,Unknown,Industry,CTF,Partial,04-10,TBD,04-10,TBD,2026-05-07,2026-05-09,Kochi,India,https://bsideskerala.in/call-for-papers/,,https://bsideskerala.in/call-for-papers/,,In-Person,Asia/Kolkata,BSides Kerala 2026 May 7-9 Kochi Marriott Hotel; tracks offensive defensive CTF training; CFP/CFW closed Apr 10 2026; overseas speakers accommodation plus USD 500 honorarium domestic speakers accommodation 2 days; keynotes Kerala Police Cyberdome c0c0n connections; tickets open free lunch snacks; https://bsideskerala.in/; hello@bsideskerala.in,2026-10-04,Unknown
BSides Las Vegas,High,Yes,Industry,Talks|Workshops|Trainings|CTF,Yes,05-08,TBD,TBD,TBD,2026-08-03,2026-08-05,Las Vegas,United States,https://bsideslv.org/,https://callforpapers.bsideslv.org/cfp,,https://bsideslv.org/cfv.html,In-Person,America/Los_Angeles,BSidesLV 2026 Aug 3-5 Tuscany Suites and Casino Las Vegas two full days Mon-Tue half-day Wed famous pool party Wed night expanded from prior two-day format; Hacker Summer Camp week before DEF CON 34 Aug 6-9 and Black Hat; CFP closed May 8 2026 opened Apr 1 acceptances week of May 25; tracks Breaking Ground Common Ground Ground Truth Hire Ground I Am The Cavalry PasswordsCon Proving Ground SkyTalks Training Ground; speakers hotel room block; badges via donor drive room block capacity capped no walk-ins; Pros v Joes CTF sign-ups live; volunteers cfv; https://bsideslv.org/cfp.html; https://www.linkedin.com/company/bsides-las-vegas/,2026-06-01,Mostly Fixed
BSides Leeds,Medium,Yes,Industry,,No,03-31,TBD,TBD,TBD,2026-06-13,2026-06-13,Leeds,United Kingdom,https://www.bsidesleeds.com,,,,In-Person,Europe/London,Catalog entry verified 2026-06-05,2026-06-05,Unknown
BSides London,Medium,Yes,Industry,Talks|Workshops|CTF,Unknown,10-13,TBD,TBD,TBD,2024-12-14,2024-12-14,London,United Kingdom,https://www.securitybsides.org.uk/,,https://www.securitybsides.org.uk/,,In-Person,Europe/London,CfP closed October 13 2024 and event held December 14 2024,2026-03-30,Unknown
BSides Munich,Medium,Unknown,Industry,Talks|Workshops|CTF,Unknown,07-24,TBD,TBD,TBD,2026-11-09,2026-11-09,Munich,Germany,https://2026.bsidesmunich.org/,,https://bsidesmunich.org/,,In-Person,Europe/Berlin,CfP closed July 15 2024 with workshop and conference days in November,2026-06-05,Unknown
BSides Newcastle,Low,No,Industry,Talks|Workshops|CTF,Unknown,TBD,TBD,TBD,TBD,2025-09-27,2025-09-27,Newcastle upon Tyne,United Kingdom,https://bsidesnewcastle.org/,,,,In-Person,Europe/London,BSidesNCL BSides Newcastle North East UK; 2025 concluded Sep 27 North East Futures UTC 200+ attendees 3 tracks workshops all-day CTF space theme; 2026 in planning date venue CFP and tickets not announced; first-time speakers welcome; discord.gg/YVwnpgFZ2e; https://www.linkedin.com/company/bsidesncl/,2026-06-01,Fixed
BSides Oslo,Medium,Unknown,Industry,,Partial,08-10,TBD,TBD,TBD,2026-10-29,2026-10-29,Oslo,Norway,https://bsidesoslo.no/,,,,In-Person,Europe/Oslo,Catalog entry verified 2026-06-05,2026-06-05,Unknown
BSides Pyongyang,Low,No,Industry,Talks,Unknown,TBD,TBD,TBD,TBD,2025-11-18,2025-11-18,Virtual,Global,https://bsidespyongyang.com/,,,,Virtual,UTC,Community satirical BSides #BSidesPyongyang2025 Nov 18 2025 Missile Industry Day; online stream Twitch YouTube Discord; 2025 concluded Eventbrite 10am-4pm EST; DPRK-themed threat intel malware talks; 2026 not announced watch site; https://www.linkedin.com/company/bsidespyongyang/,2026-06-01,Fixed
BSides Tokyo,Medium,No,Industry,,Unknown,TBD,TBD,TBD,TBD,2026-05-16,2026-05-16,Tokyo,Japan,https://bsides.tokyo/cfp,,https://bsides.tokyo/cfw,,In-Person,Asia/Tokyo,BSides Tokyo 2026 May 16 Internet Initiative Japan Inc Iidabashi Grand Bloom concluded; afterparty JAM ORCHESTRA Ichigaya; CFP opened Dec 5 2025 close not published https://bsides.tokyo/cfp; CFW opened Mar 8 2026 close not published https://bsides.tokyo/cfw; community BSides Japan; https://bsides.tokyo/en/,2026-10-04,Rotating
BSides Ume,Medium,Unknown,Industry,,Unknown,03-31,TBD,TBD,TBD,2026-06-16,2026-06-17,Umeå,Sweden,https://indico.neic.no/event/287/,,,,In-Person,Europe/Stockholm,Catalog entry verified 2026-06-05,2026-06-05,Unknown
BSides Vienna,Medium,Unknown,Industry,Workshops,No,06-07,TBD,TBD,TBD,2026-06-27,2026-06-27,Vienna,Austria,https://bsidesvienna.at/,,,,In-Person,Europe/Vienna,Catalog entry verified 2026-06-05,2026-06-05,Unknown
BSides Vilnius,Low,No,Industry,Talks|Workshops|CTF,Unknown,TBD,TBD,TBD,TBD,2026-06-03,2026-06-04,Vilnius,Lithuania,https://bsidesvilnius.lt/,,,,In-Person,Europe/Vilnius,BSides Vilnius 2026 Security Theater theme; workshops Jun 3 main event Jun 4 at Kablys Vilnius; ~400 attendees 2025 edition; CFP closed program set; regular tickets sold out Jun 2026; CTF May 31-Jun 4 free without ticket some on-site challenges; nonprofit community; https://www.linkedin.com/company/bsides-vilnius/,2026-06-01,Fixed
BSidesCache,Medium,Yes,Industry,,Unknown,06-19,TBD,TBD,TBD,2026-09-18,2026-09-18,Logan,United States,https://sessionize.com/bsidescache-2026/,,,,In-Person,America/Denver,Catalog entry verified 2026-06-05,2026-06-05,Unknown
BSidesTLV,Medium,Unknown,Industry,Talks|Workshops|CTF,Partial,04-30,TBD,TBD,TBD,2026-06-25,2026-06-25,Tel-Aviv,Israel,https://bsidestlv.com/,,https://bsidestlv.com/,,In-Person,Asia/Jerusalem,BSidesTLV 11th edition Jun 25 2026 Smolarz Auditorium Tel Aviv University during Cyber Week Jun 22-25; theme Alice in AI Land; ~1000 attendees nonprofit volunteer; CFP closed Apr 30 2026; 45/25/10 min talks villages; speakers dinner Jun 24 after party; info@bsidestlv.com; https://www.linkedin.com/company/bsidestlv/,2026-06-05,Unknown
c0c0n,Medium,Yes,Industry,Talks|Trainings,Yes,05-10,TBD,TBD,TBD,2026-10-09,2026-10-10,"Kochi, Kerala",India,https://www.c0c0n.org/cfp,https://www.c0c0n.org/cfp,,,In-Person,Asia/Kolkata,19th edition; CFP deadline May 10 2026; trainings Oct 6-8 conference Oct 9-10 2026 at Grand Hyatt Bolgatty Kochi,2026-04-01,Unknown
CactusCon,Medium,Yes,Industry,Talks|Trainings|Workshops|Villages,Unknown,10-24,TBD,TBD,TBD,2026-02-06,2026-02-07,Mesa,United States,https://www.cactuscon.com/,https://sessionize.com/cactuscon-14/,,,In-Person,America/Phoenix,CactusCon 14 Feb 6-7 2026 Mesa Convention Center Arizona largest infosec con 2000+ attendees; speaker reception Feb 5; 2026 concluded thanks all who attended; CFP Sessionize closed Oct 24 2025 talks workshops villages CISO village separate form; annual early February cycle watch CactusCon 15; https://www.linkedin.com/company/cactuscon/,2026-06-01,Fixed
CanSecWest,Medium,Yes,Industry,Talks|Workshops,Yes,TBD,TBD,TBD,TBD,2024-03-20,2024-03-22,Vancouver,Canada,https://cansecwest.com/,,https://cansecwest.com/,,In-Person,America/Vancouver,Main conference dates verified as March 20-22 2024,2026-03-30,Unknown
Chaos Communication Congress,High,Yes,Mixed,Talks|Workshops|CTF|Villages,Partial,TBD,TBD,TBD,TBD,2026-12-27,2026-12-30,Hamburg,Germany,https://events.ccc.de/en/calendar/,,,,In-Person,Europe/Berlin,40C3 40th edition Dec 27-30 2026 Hamburg Messe Messeplatz 1; annual congress of Chaos Computer Club CCC; four days talks workshops assemblies; 39C3 Dec 2025 CCH theme Power Cycles; CfP historically on frab.cccv.de opens ~Sep deadline TBD for 40C3; https://www.ccc.de/,2026-06-01,Mostly Fixed
CISSE,Low,Unknown,Academic,,Unknown,08-15,TBD,TBD,TBD,2026-10-26,2026-10-28,Indianapolis,United States,https://cisse.info/e/30th/call-for-papers,,,,In-Person,America/New_York,Catalog entry verified 2026-06-05,2026-06-05,Unknown
Cloud Village at DEF CON 34,High,Yes,Industry,Villages|CTF|Panels,Unknown,TBD,TBD,TBD,TBD,2026-08-07,2026-08-09,Las Vegas,United States,https://forms.gle/YdkwgYh2u26ag5v78,,https://forms.gle/yUkd4EL3Dso8hGpUA,,In-Person,America/Los_Angeles,Cloud Village at DEF CON 34 Aug 7-9 2026 Las Vegas Convention Center; talks labs panels two-day cloud CTF Fri-Sat; official CfP Google Form https://forms.gle/YdkwgYh2u26ag5v78 and labs https://forms.gle/yUkd4EL3Dso8hGpUA close date not on site (organizer LinkedIn cited May 24 2026 23:59 PDT); also appears at BSidesNYC BSidesSF RSAC etc; https://www.cloud-village.org/dc34; hello@cloud-village.org; cfp.directory/organizations lead,2026-10-04,Mostly Fixed
CODE BLUE,High,Yes,Industry,Talks|Trainings,Yes,09-01,TBD,TBD,TBD,2024-11-01,2024-11-30,Tokyo,Japan,https://codeblue.jp/,https://codeblue.jp/,,,In-Person,Asia/Tokyo,Added from requested 2024 conference list,2026-03-30,Unknown
Code Blue Tokyo,High,Yes,Industry,Talks|Trainings,Yes,07-31,03-31,TBD,TBD,2026-11-17,2026-11-18,Tokyo,Japan,https://sessionize.com/code-blue-2026,https://sessionize.com/CB26-TRAINING,,,In-Person,Asia/Tokyo,CODE BLUE 2026 in-person Nov 17-18 Belle Salle Takadanobaba Tokyo; main CFP closes Jul 31 2026 per sessionize.com/code-blue-2026; round-trip economy and 3-night hotel for speakers; training CFP CB26-TRAINING closed Mar 31; codeblue.jp,2026-06-17,Fixed
Code Europe Krakow,Medium,Yes,Industry,Talks|Workshops,Yes,03-30,TBD,TBD,TBD,2025-06-30,2025-07-01,Krakow,Poland,https://www.codeeurope.pl/en/become-a-speaker,,,,In-Person,Europe/Warsaw,"Last Kraków edition Jun 30–Jul 1 2025 ICE Kraków (Marii Konopnickiej 17); prior Kraków dates May 22–23 2023 and Jun 10–11 2024 per Crossweb; CfP closed Mar 30 2025 per cfp.watch (form on codeeurope.pl); travel and hotel for speakers per CfP Watch. Code Europe 2026 moves to Warsaw Sep 14–15 2026 (Day 1 online CEE, Day 2 Stadion Legii) CfP open closes Jun 30 2026 per codeeurope.pl — track Warsaw separately if needed.",2026-06-01,Rotating
CODEGATE,Medium,Yes,Industry,CTF,Unknown,TBD,TBD,TBD,TBD,2026-07-23,2026-07-24,Seoul,South Korea,https://codegate.org/fairContents.do?FAIRMENU_IDX=22034&hl=ENG,,,,In-Person,Asia/Seoul,CODEGATE 2026 18th edition Jul 23-24 COEX Seoul; international CTF finals plus security conference hosted by Korea Ministry of Science ICT with CODEGATE Security Forum and Maekyung Media; theme AI Power Security; CFP year-round on codegate.org selected talks may present at conference; 2026 concluded 3333 prelim entrants from 88 countries; overview https://codegate.org/fairContents.do?FAIRMENU_IDX=22018&hl=ENG; https://codegate.org/,2026-08-10,Mostly Fixed
CONFidence,High,Yes,Industry,Talks|Workshops|Villages|CTF,Partial,03-15,TBD,TBD,TBD,2026-05-25,2026-05-26,Krakow,Poland,https://confidence-conference.org/call-for-papers-what-are-we-looking-for/,,,,In-Person,Europe/Warsaw,26th edition May 25-26 2026 EXPO Kraków; ~2000 attendees Central Europe; tracks Offense Defense Future Tech Exec invite-only; Villages radio speedrunning CTF physical security; CFP closed Mar 15 2026; speakers free entry travel up to 1000 PLN; Proidea organizer; hackable badge; Oh My Hack partner discount CONFI_OMH_10; https://www.linkedin.com/showcase/confidence-conference/,2026-06-01,Fixed
CornCon,Medium,Yes,Industry,Contests|Villages,No,08-15,08-15,08-15,10-01,2026-10-02,2026-10-03,Davenport,United States,https://whova.com/call_for_speakers/E6yQ404hsDGOcthtY2TpA16vGbOTV4H94qHfO7DWnxM-O1FwhWLoC821CKfZK6nS/,,,https://whova.com/call_for_volunteers/p%40VPv-3trULnr58NyeoSoub1hVfIuC4A8Fpdx4B6WKk%3D/,In-Person,America/Chicago,CornCon 12 Docent Institute Midwest cybersecurity; main conference Oct 2-3 2026 RiverCenter Davenport IA concluded; CISO Executive Summit Oct 1 invitation; IEEE/LinkedIn ~500 attendees 70-80 speakers; Whova CFP open Mar 6 closed Aug 15 2026 04:59 UTC (site copy still said hope end of June; portal extended into August); workshops trainings villages via same Whova CFP; volunteer Whova closed Oct 1 2026 04:59 UTC; Kids Hacker Camp volunteer form separate https://docs.google.com/forms/d/e/1FAIpQLSfj-NzMuGJMSk3o7193xdolh77czHogsYE2oyMmdhdrPtLWKQ/viewform; speakers free admission guest badge no travel reimbursement; founded 2015 mostly RiverCenter; https://corncon.net/cfp/; https://www.linkedin.com/showcase/corncon/,2026-10-04,Mostly Fixed
CrikeyCon,Low,No,Industry,Talks|Workshops|CTF|Villages,Unknown,TBD,TBD,TBD,TBD,2026-03-21,2026-03-21,Brisbane,Australia,https://crikeycon.com/,,,,In-Person,Australia/Brisbane,CrikeyCon 11 Mar 21 2026 Royal International Convention Centre Brisbane; community nonprofit South-East Queensland; workshops CTF PACs Meshtastic CrikeyConnect careers village; excess profits to charity AUD 200k+; 2026 concluded; annual series typically March watch crikeycon.com; crikeycon@crikeycon.com; https://www.linkedin.com/company/crikeycon/,2026-06-01,Fixed
CSCML,Medium,Yes,Academic,Talks,Yes,TBD,,,TBD,2024-12-19,2024-12-20,Beer Sheva,Israel,https://www.cscml.org/front-page,,,,In-Person,Asia/Jerusalem,Dates verified as December 19-20 2024,2026-03-30,Unknown
Cyber Week 2026,Medium,Yes,Mixed,Talks,No,08-02,TBD,TBD,TBD,2026-11-09,2026-11-12,Tel Aviv,Israel,https://cyberweektau.com/call-for-talks/,,,,In-Person,Asia/Jerusalem,16th edition Nov 9-12 2026 Tel Aviv University per cyberweektau.com; runs same week as AI Week; BSides Wed Nov 11 Smolarz; CfT open no travel expenses per official CFT; abstract deadline Aug 2 2026 (page also cites Jul 1 application); acceptance Oct 2026; prior 2024 edition Jun 24-27; ~12 min English talks,2026-06-05,Mostly Fixed
CyberCon Melbourne,Medium,Yes,Industry,Talks|Workshops,Unknown,TBD,TBD,TBD,TBD,2023-10-17,2023-10-19,Melbourne,Australia,https://melbourne2023.cyberconference.com.au/,,https://melbourne2023.cyberconference.com.au/,,In-Person,Australia/Melbourne,Australian Cyber Conference Melbourne 2023 dates verified,2026-03-30,Mostly Fixed
CyberjutsuCon and Awards 2026,Medium,Unknown,Industry,,Unknown,04-19,TBD,TBD,TBD,2026-06-26,2026-06-26,Arlington,United States,https://whova.com/call_for_speakers,,,,In-Person,America/New_York,Catalog entry verified 2026-06-05,2026-06-05,Unknown
Cybersecurity Summit,Medium,Yes,Industry,Talks|Panels,Unknown,TBD,TBD,TBD,TBD,2027-04-21,2027-04-22,Hamburg,Germany,https://cybersecuritysumm.it/,,,,In-Person,Europe/Berlin,German IT-security trade fair and conference Trailblazer Summits Group; next edition Apr 21-22 2027 Hamburg per official site; 2026 edition Apr 28-29 2026 concluded 100+ speakers 80+ exhibitors 1000+ visitors; Mittelstand to enterprise topics NIS2 DORA Zero Trust cloud SOC GenAI OT; speaker via Bewerbung als Speaker invitation model not open CfP; tickets and exhibitor applications on site info@cybersecuritysumm.it,2026-06-01,Fixed
Cybertech Global Tel Aviv,High,Yes,Industry,Talks,Yes,TBD,,,TBD,2024-01-29,2024-01-31,Tel Aviv,Israel,https://www.cybertechisrael.com/,,,,In-Person,Asia/Jerusalem,Added from requested 2024 conference list,2026-03-30,Unknown
CyberWiseCon Vilnius,Low,Yes,Industry,Talks,Unknown,TBD,,,TBD,2026-05-20,2026-05-22,Vilnius,Lithuania,https://cyberwisecon.eu/,,,,In-Person,Europe/Vilnius,2026 main conference May 20-22 (workshops May 19) at Forum Cinemas Vingis Vilnius; CFP deadline not published,2026-04-01,Unknown
DeepSec,High,Yes,Mixed,Talks|Trainings|Workshops,Partial,07-31,07-31,TBD,TBD,2026-11-17,2026-11-20,Vienna,Austria,https://deepsec.net/cfp.html,https://deepsec.net/cfp.html,,,In-Person,Europe/Vienna,DeepSec IDSC In-Depth Security Conference Nov 17-20 2026 Vienna conference hotel Linke Wienzeile 1150; two days talks two days trainings 45+5 min talks; vendor-neutral; speaker travel up to EUR 800 and 2 hotel nights; DeepINTEL security intelligence track same CFP; U21 young researchers; tickets pretix.eu/deepsec/deepsec2026; CFP open until Jul 31 2026 23:59 CEST cfp@deepsec.net; https://www.linkedin.com/company/deepsec/,2026-06-01,Fixed
DEF CON,High,Yes,Industry,Talks|Workshops|Trainings,Unknown,05-01,01-12,05-01,TBD,2026-08-06,2026-08-09,Las Vegas,United States,https://defcon.org/html/defcon-34/dc-34-cfp.html,https://training.defcon.org/pages/2026-las-vegas-call-for-trainers,https://defcon.org/html/defcon-34/dc-34-cfw.html,https://defcon.org/html/links/get-involved.html,In-Person,America/Los_Angeles,DEF CON 34 Aug 6-9 2026 Las Vegas Convention Center; CFP and CfW both closed May 1 2026 midnight UTC (4h workshops via OpenConf); CFT closed 01-12; demo labs CFI at dc-34-cfi.html,2026-06-01,Mostly Fixed
DEF CON Bahrain,Low,Yes,Industry,Trainings|Talks,Unknown,TBD,TBD,TBD,TBD,2026-11-11,2026-11-12,Manama,Bahrain,https://defcon.org/html/defcon-bahrain/dc-bahrain-index.html,https://training.defcon.org/,,,In-Person,Asia/Bahrain,Official DEF CON homepage lists DEF CON Middle East conference dates (Nov 11-12 2026) and training window (Nov 8-10),2026-03-30,Mostly Fixed
DEF CON Singapore,High,Yes,Industry,Talks|Trainings,Unknown,02-15,11-10,TBD,TBD,2026-04-28,2026-04-30,Singapore,Singapore,https://defcon.org/html/defcon-singapore/dc-singapore-index.html,https://training.defcon.org/pages/2026-singapore-call-for-trainers,,,In-Person,Asia/Singapore,Official DEF CON site lists conference dates Apr 28-30 2026 with CFP deadline 02-15 and Singapore CFT close 11-10,2026-03-30,Unknown
DefCamp,High,Yes,Industry,Talks|Trainings|Workshops,Yes,06-15,TBD,TBD,TBD,2026-11-19,2026-11-20,Bucharest,Romania,https://sessionize.com/defcamp-2026,,,,In-Person,Europe/Bucharest,16th edition Nov 19-20 2026 Palace of Parliament Bucharest; 2200+ attendees 50+ countries; CFP open three waves Jun 15 Aug 30 Oct 15 2026 per sessionize.com/defcamp-2026; travel and accommodation covered for selected speakers; def.camp,2026-06-17,Mostly Fixed
DeveloperWeek,High,Yes,Industry,Talks|Workshops,Yes,10-13,TBD,TBD,TBD,2024-02-21,2024-02-29,San Francisco,United States,https://www.developerweek.com/,,https://www.developerweek.com/,,In-Person,America/Los_Angeles,Main 2024 CFP closed October 13 2023,2026-03-30,Unknown
DevOpsDays Salt Lake City,Medium,Yes,Industry,Talks|Workshops,Unknown,TBD,TBD,TBD,TBD,2026-05-11,2026-05-12,Salt Lake City,United States,https://slcdevopsdays.org/,,https://slcdevopsdays.org/,,In-Person,America/Denver,Estimated from recent May editions (use as planning placeholder),2026-03-30,Unknown
DIMVA,Medium,Yes,Academic,Talks,Unknown,02-18,,,TBD,2026-07-01,2026-07-03,Chania,Greece,https://www.dimva.org/dimva2026/,,,,In-Person,Europe/Athens,Two-cycle CFP and cycle 2 submission deadline Feb 18 with LNCS page limits,2026-03-30,Rotating
Ekoparty Buenos Aires,High,Yes,Industry,Talks|Trainings|Workshops,Yes,TBD,TBD,TBD,TBD,2026-11-01,2026-11-30,Buenos Aires,Argentina,https://www.ekoparty.org/,https://ekoparty.org/2025/12/04/call-for-tranings-buenos-aires-miami/,https://www.ekoparty.org/,,In-Person,America/Argentina/Buenos_Aires,"Merged Ekoparty (2022), Ekoparty Security Conference (2024), and Ekoparty Buenos Aires into one canonical Buenos Aires row; keep current cycle tracking and retain historical continuity in this single record",2026-03-30,Mostly Fixed
Ekoparty Miami,Medium,Yes,Industry,Talks|Trainings,Unknown,03-20,TBD,TBD,TBD,2026-05-21,2026-05-22,Miami,United States,https://sessionize.com/ekoparty-security-conference-2026-miami/,https://sessionize.com/ekoparty-security-conference-2026-miami/,,,In-Person,America/New_York,CFP deadline was March 20 2026 (now closed); conference May 21-22 2026,2026-04-01,Unknown
Elbsides,Medium,No,Industry,Talks|Workshops,Unknown,03-20,TBD,TBD,TBD,2026-06-04,2026-06-05,Hamburg,Germany,https://www.elbsides.eu/2026/,,https://www.elbsides.eu/2026/workshops/,,In-Person,Europe/Berlin,BSides Hamburg since 2019; workshop day Jun 4 2026 Jungheinrich Wandsbek; conference Jun 5 2026 Hotel Hafen Hamburg Elbkuppel; CFP closed Mar 20 2026 program published; conference and workshop tickets sold out Jun 2026; pretix workshop sales; community-driven nonprofit; partner cons BSides Frankfurt Open Security Conference BSides Munich; https://www.linkedin.com/company/elbsides/,2026-06-01,Mostly Fixed
ESORICS,Medium,Yes,Academic,Talks,Unknown,04-21,,,TBD,2026-09-14,2026-09-18,Rome,Italy,https://www.easychair.org/cfp/ESORICS-2026,,,,In-Person,Europe/Rome,Two-cycle model and spring deadline Apr 21 with 16-page limit in CFP,2026-03-30,Rotating
Ethiack,Low,No,Industry,Talks,Unknown,TBD,,,TBD,TBD,TBD,TBD,TBD,https://ethiack.com/,,,,In-Person,UTC,Added from backlog list,2026-03-30,Unknown
FIRST Conference,Medium,Yes,Industry,Talks,Unknown,12-03,,,TBD,2026-06-14,2026-06-19,Denver,United States,https://www.first.org/conference/2026/,,,,In-Person,America/Denver,38th Annual FIRST Conference Jun 14-19 2026 in Denver CO; CfS closed Dec 3 2025,2026-04-01,Rotating
FIRSTCON Copenhagen,Low,Yes,Industry,Talks,Unknown,TBD,,,TBD,TBD,TBD,Copenhagen,Denmark,https://www.first.org/conference/,,,,In-Person,Europe/Copenhagen,Added from FIRSTCON Copenhagen ENISA note,2026-03-30,Unknown
fwd:cloudsec Europe,High,Yes,Industry,Talks,Unknown,06-12,TBD,TBD,TBD,2026-09-07,2026-09-08,London,United Kingdom,https://pretalx.com/fwd-cloudsec-europe-2026/cfp,,,,In-Person,Europe/London,Non-profit independent cloud security conference; third European edition Sep 7-8 2026 Park Plaza Victoria London; practitioner-focused 20 or 40 min talks Pretalx CFP open final round closes Jun 12 2026 per https://fwdcloudsec.org/conference/europe/cfp.html; round one closed May 1; notifications Jul 3; live-streamed; https://fwdcloudsec.org/conference/europe/,2026-06-01,Rotating
fwd:cloudsec North America,High,Yes,Industry,Talks,Partial,03-20,TBD,TBD,TBD,2026-06-01,2026-06-02,Bellevue,United States,https://fwdcloudsec.org/conference/north-america/,https://pretalx.com/fwd-cloudsec-2026/cfp,,,In-Person,America/Los_Angeles,Non-profit independent cloud security conference; Jun 1-2 2026 Meydenbauer Center Bellevue WA near AWS and Microsoft HQ; 20 or 40 min talks live-streamed; Pretalx CFP closed Mar 20 2026 PDT final round per https://fwdcloudsec.org/conference/north-america/cfp.html; speaker hotel benefits when applicable; https://fwdcloudsec.org/,2026-06-01,Mostly Fixed
Game Hacking Village @ DEF CON 34,High,Unknown,Industry,Villages,Unknown,06-14,TBD,TBD,TBD,2026-08-06,2026-08-08,Las Vegas,United States,https://docs.google.com/forms/d/1QQJtqA9_uPZCCT01jUzjiMNZd9CoPDmCht98dvsX98I,,,,In-Person,America/Los_Angeles,Catalog entry verified 2026-06-05,2026-06-05,Unknown
German OSINT Conference,Medium,No,Industry,Talks,Partial,TBD,TBD,TBD,TBD,2026-06-16,2026-06-16,Wetzlar,Germany,https://www.gosintcon.de/,,,,In-Person,Europe/Berlin,GOSINTCon26 Jun 16 2026 Leica Welt Am Leitz-Park 6 Wetzlar; German Open Source Intelligence Conference deutschsprachige OSINT since 2020 theme OSINT Geschüttelt nicht gerührt; single-day 12:00 entry talks until evening get-together; min 80 participants per ticket shop; conference and supporter tickets sold out Jun 2026; speaker applications closed program partially announced; speaker travel reimbursement up to EUR 300 against invoice; OSINTgeek founders Samuel Lolagar Matthias Wilson; prior editions 2020-2025 on gosintcon.de; no public CFP close date on official site; https://www.linkedin.com/company/german-osint-conference/,2026-06-01,Fixed
German OWASP Day,Medium,No,Industry,Talks|Trainings|Workshops,Partial,06-21,TBD,TBD,TBD,2026-09-23,2026-09-24,Karlsruhe,Germany,https://god.owasp.de/2026/en/index.html,,,,In-Person,Europe/Berlin,2026 Karlsruhe Sep 23 pre-con seminars Diversity PreCon evening event Sep 24 conference IHK Haus der Wirtschaft; CfP closed Jun 21 2026; registration open per OWASP newsletter Jun 2026; ~200 participants; partial speaker travel up to EUR 250,2026-07-03,Rotating
GISEC Global,Medium,Yes,Industry,Talks|Workshops|CTF,Yes,TBD,TBD,TBD,TBD,2026-04-21,2026-04-23,Dubai,United Arab Emirates,https://www.gisec.ae/,,https://www.gisec.ae/,,In-Person,Asia/Dubai,Merged GISEC (2024) and GISEC Global into one canonical row; keep current cycle dates while preserving broader track/sponsorship metadata from verified 2024 entry,2026-03-30,Unknown
GrrCon,Medium,Unknown,Industry,Talks,Partial,07-01,,,TBD,2026-09-24,2026-09-25,Grand Rapids,United States,https://grrcon.com/cfp/,,,,In-Person,America/New_York,Estimated from 2025 official GrrCON timing: early-October Thu-Fri conference window and CFP round 1 by 05-01,2026-06-05,Unknown
H2HC,Medium,Yes,Industry,Talks|Workshops,Yes,10-01,TBD,TBD,TBD,2024-12-14,2024-12-15,Sao Paulo,Brazil,https://www.h2hc.com.br/,,https://www.h2hc.com.br/,,In-Person,America/Sao_Paulo,CFP deadline October 1 2024 and event held December 14-15 2024,2026-03-30,Unknown
Hack Glasgow 2026,Medium,Unknown,Industry,,Unknown,04-30,TBD,TBD,TBD,2026-08-15,2026-08-15,Glasgow,United Kingdom,https://hackglasgow.live,,,,In-Person,Europe/London,Catalog entry verified 2026-06-05,2026-06-05,Unknown
Hack in Paris,Low,Yes,Industry,Talks|Trainings|Workshops,Unknown,TBD,TBD,TBD,TBD,2026-09-22,2026-09-26,Paris,France,https://www.hackinparis.com/,https://www.hackinparis.com/,https://www.hackinparis.com/,,In-Person,Europe/Paris,Estimated from prior edition timing pattern (needs confirmation),2026-03-30,Unknown
Hack.lu,Medium,Unknown,Industry,Talks|Workshops|CTF,Yes,05-30,TBD,TBD,TBD,2026-10-20,2026-10-23,Dommeldange,Luxembourg,https://2026.hack.lu/,,https://hack.lu/,,In-Person,Europe/Luxembourg,20th edition Oct 20-23 2026 at Parc Hotel Alvisse; CFP deadline May 31 2026 at 23:59 Luxembourg time,2026-06-05,Unknown
HackAIcon,Low,No,Industry,Talks,Unknown,TBD,,,TBD,TBD,TBD,TBD,TBD,https://www.hackaicon.com/,,,,In-Person,UTC,Added from backlog list,2026-03-30,Unknown
HackAstra,Medium,Yes,Industry,CTF|Talks|Panels,Unknown,TBD,TBD,TBD,TBD,2026-05-29,2026-06-06,Kathmandu,Nepal,https://hackastra.tech/,,,,In-Person,Asia/Kathmandu,Hackअस्त्र 2026 national cybersecurity event Ethical HCK Community Herald College Kathmandu; CTF qualifiers concluded May 2026 439 teams 1100+ users top 12 to on-site finale Jun 5-6 2026; panels Cyberगफ sessions Cyberप्रदर्शन expo; free registration; official CTF partner Hack@Sec https://hackasec.team https://www.linkedin.com/company/teamhackasec/; https://ctftime.org/team/135426,2026-06-01,Fixed
Hackfest,High,Yes,Industry,Talks|Workshops|Trainings|CTF|Villages,Yes,08-24,TBD,TBD,TBD,2026-10-29,2026-10-31,Quebec City,Canada,https://cfp.hackfest.ca/hf2026/,,,,In-Person,America/Toronto,Hackfest 2026 Level UP Oct 29-31 Quebec City Convention Centre; POLAR exec banquet Oct 29; trainings Oct 26-30; 48h CTF villages AfterDark; CFP Pretalx round 1 May 1-Jun 30 round 2 Jul 1-Aug 24 schedule lists close Aug 31; 20 or 50 min talks 1-4h workshops; https://hackfest.ca/en/; https://www.linkedin.com/company/hackfest/,2026-06-05,Fixed
HACKRON,Medium,Unknown,Industry,CTF,Unknown,TBD,TBD,TBD,TBD,2026-10-22,2026-10-22,Gran Canaria,Spain,https://hackron.com/,,,,In-Person,Atlantic/Canary,HACKRON Canary Islands cybersecurity congress; next Gran Canaria edition Oct 22 2026 venue TBC CFP still open via info@hackron.com no public portal or close date; prior Tenerife 13th edition May 15 2026 Auditorio Adán Martín Santa Cruz de Tenerife concluded; CTF; further island editions planned; founders Cecilio Sanz Igor Lukic; https://hackron.com/; cfp.directory/organizations lead,2026-10-04,Rotating
HackTheBay,Medium,No,Industry,Talks|Workshops|CTF|Villages,Unknown,TBD,TBD,TBD,TBD,2026-03-23,2026-03-23,San Francisco,United States,https://www.hackthebay.org/,,,,In-Person,America/Los_Angeles,HackTheBay 3.0 Mar 23 2026 11am-5pm PUBLIC Works 161 Erie St SF; Pacific Hackers Association 501c3 nonprofit; Security Week slot between BSidesSF and RSAC; workshop-oriented edition lockpicking soldering villages CTF CMD+CTRL PentesterLab prizes electronic badges; 2026 concluded; watch hackthebay.org for 2027; https://www.linkedin.com/showcase/hackthebay-conference/,2026-06-01,Fixed
HEK.SI,Medium,No,Industry,Talks,Unknown,TBD,TBD,TBD,TBD,2026-02-11,2026-02-12,Ljubljana,Slovenia,https://www.hek.si/en/,,,,Hybrid,Europe/Ljubljana,Main ethical hacking conference Slovenia annual since ~2012 Palsit organizer; Feb 11-12 2026 concluded; day 1 in-person Fantastični prostori Stegne 23a Ljubljana day 2 online Zoom; 120+ attendees 27+ speakers; curated program no public speaker CfP; premium ticket bundles INFOSEK Sep 2026; 2027 not announced watch hek.si,2026-06-04,Fixed
Hexacon Paris,Low,Yes,Industry,Talks,Unknown,TBD,,,TBD,2026-10-04,2026-10-05,Paris,France,https://hexacon.fr/,,,,In-Person,Europe/Paris,Added from backlog list,2026-03-30,Unknown
HITCON,High,Yes,Mixed,Talks|Workshops|CTF,Unknown,05-17,TBD,TBD,TBD,2026-08-21,2026-08-22,Taipei,Taiwan,https://hitcon.org/2026/en-US/cfp/,,,,In-Person,Asia/Taipei,HITCON 2026 Hacks In Taiwan Conference 台灣駭客年會 theme When AI Acts agentic systems; Aug 21-22 Humanities Social Sciences Building Academia Sinica Nangang Taipei; HIT CHROOT Academia Sinica IIS; 40 min talks and 80 min Hacking 101 track; CFP closed May 17 2026 reviewboard@hitcon.org; tickets https://hitcon.kktix.cc/events/hitcon-2026; https://www.linkedin.com/company/hacks-in-taiwan-conference/; https://hitcon.org/,2026-06-01,Fixed
Hong Kong Hack,Medium,Unknown,Industry,,Unknown,03-30,TBD,TBD,TBD,2026-06-10,2026-06-10,Hong Kong,Hong Kong,https://hk-hack.com/,,,,In-Person,Asia/Hong_Kong,Hong Kong Hack 2026 Casaba Hack series first HK edition Jun 10 HKSTP InnoCentre Kowloon Tong; nonprofit technical symposium offensive defensive IoT AI crypto; CFP PDF English to info@hk-hack.com opened Feb 1 closed Mar 30 2026 announcements Apr 15; prior MYHACK SGHack; https://hk-hack.com/; cfp.directory/organizations lead,2026-10-04,Unknown
IDSECCONF,Medium,Unknown,Mixed,CTF,Partial,08-28,TBD,09-04,TBD,2026-12-05,2026-12-06,Bandung,Indonesia,https://2026.idsecconf.org/2026/07/idsecconf2026-call-for-paper.html,,https://2026.idsecconf.org/,,In-Person,Asia/Jakarta,Indonesia IT Security Conference since 2008; 2026 Binus University Bandung theme Defense in Depth The Rise of Collective Defense; conference Dec 5-6 workshops Dec 3-4; paper CFP closed Aug 28 2026 submit@idsecconf.org; workshop proposals deadline Sep 4 2026 voting Sep 21-Oct 19; rotating Indonesian cities prior Makassar 2025 Surabaya 2024 Bali 2023; https://idsecconf.org/ https://2026.idsecconf.org/; selected workshop speakers may get honorarium accommodation transport per CfW terms,2026-10-04,Rotating
IEEE CSF,Medium,No,Academic,Talks,Unknown,01-29,,,TBD,2026-07-26,2026-07-29,Lisbon,Portugal,https://csf2026.ieee-security.org/cfp.html,,,,In-Person,Europe/Lisbon,Rolling deadlines with winter cycle Jan 29 and symposium in Lisbon,2026-03-30,Rotating
IEEE Symposium on Security and Privacy,High,Yes,Academic,Talks,Unknown,11-13,TBD,TBD,TBD,2026-05-18,2026-05-20,San Francisco,United States,https://sp2026.ieee-security.org/cfpapers.html,,,,In-Person,America/Los_Angeles,Official SP 2026 site lists symposium dates May 18-20 2026 in San Francisco (workshops on May 21),2026-03-31,Mostly Fixed
Infosecurity Europe,High,Yes,Industry,Talks|Panels|Workshops,Unknown,TBD,TBD,TBD,TBD,2026-06-02,2026-06-04,London,United Kingdom,https://www.infosecurityeurope.com/en-gb.html,,,,In-Person,Europe/London,Official site lists Jun 2-4 2026 at ExCeL London; large industry expo plus curated conference programme; no public open CfP for 2026—keynotes and theatres announced; Strategy Talks historically exhibitor/sponsor-linked per call-for-speakers page (2024 cycle); visitor registration on official site,2026-06-01,Fixed
Insomni'hack,Medium,Unknown,Industry,Talks|Workshops|CTF,Partial,08-23,08-23,TBD,TBD,2027-02-04,2027-02-05,Lausanne,Switzerland,https://insomnihack.ch,,https://insomnihack.ch/workshops-2027/,,In-Person,Europe/Zurich,INSO27 18th edition Feb 1-5 2027 SwissTech Convention Center EPFL Lausanne; Orange Cyberdefense Switzerland since 2008; 5 days workshops Feb 1-3 talks Feb 4-5 world-class on-site CTF; CFP pretalx opened Jun 1 2026 closes Aug 23 45-min talks; CfW May 1-Aug 23; primary speaker economy travel 3 nights hotel conference networking dinner; early bird conf tickets Aug 1-Sep 30 2026; 2026 edition Mar 16-20 concluded; https://insomnihack.ch/ https://www.linkedin.com/showcase/insomnihack/,2026-06-05,Unknown
ISC2 Security Congress,Medium,Yes,Industry,Talks,Unknown,TBD,,,TBD,2026-10-26,2026-10-28,Aurora,United States,https://www.isc2.org/Congress,,,,In-Person,America/Denver,2026 Oct 26-28 at Gaylord Rockies Resort Aurora CO; CFP deadline not published,2026-04-01,Unknown
KazHackStan,High,Yes,Industry,,Unknown,08-20,TBD,TBD,TBD,2026-09-29,2026-09-30,Astana,Kazakhstan,https://kazhackstan.com/,,,,In-Person,Asia/Almaty,KazHackStan 2026 Central Asia premier cybersecurity Sep 29-30 Palace of Independence Astana 52 Tauelsizdik Ave; theme Cyber Resilience; organizer TSARKA with Kazakhstan AI Digital Development Ministry; CFP closed Aug 20 2026 per organizer LinkedIn; directory claims 6000+ visitors; press https://kazhackstan.com/files/en/press.pdf; Madeniyet event company related org on cfp.directory skipped as duplicate organizer,2026-10-04,Rotating
LocoMocoSec,Medium,Unknown,Industry,Talks,Unknown,TBD,TBD,TBD,TBD,2024-07-17,2024-07-18,Lihue,United States,https://locomocosec.com/,,,,In-Person,Pacific/Honolulu,Hawaiʻi Security Conference product/app/cloud security engineering; motto one track lots of flavor; 2024 Jul 17-18 Kalapaki Beach Kauai; 35 min talks engineering builders no vendor pitches; CFP closed Mar 31 2024; irregular Hawaii locations prior editions Waikiki; 2026 not announced watch locomocosec.com info@locomocosec.com; https://www.linkedin.com/company/locomocosec/,2026-06-01,Fixed
MadWeb San Jose,Medium,No,Academic,Talks|Workshops,Unknown,TBD,TBD,TBD,TBD,2027-01-01,2027-12-31,San Jose,United States,https://madweb.work/,,https://madweb.work/,,In-Person,America/Los_Angeles,PhD level science conference candidate,2026-03-30,Unknown
masCon @ next.app devCon,High,Yes,Industry,Talks|Workshops|Panels|Unconference,Partial,07-01,TBD,TBD,TBD,2026-10-07,2026-10-09,Berlin,Germany,https://sessionize.com/nextapp26,,,,In-Person,Europe/Berlin,OWASP MAS mobile app security track within next.app devCon Oct 7-9 2026 at CityCube Berlin; shared Sessionize CFP opened Feb 18 closes Jul 1 2026 23:59 CEST; formats include keynotes lightning talks sessions workshops panels unconference office hours; ~6000 mobile dev audience; free for speakers travel case-by-case via speakers@nextappcon.com; distinct from OWASP MAScon at Global AppSec EU Vienna Jun 2026,2026-06-01,Mostly Fixed
Middle East Security Conference and Exhibition,Low,Yes,Industry,Talks|Exhibition,Yes,TBD,TBD,TBD,TBD,2024-11-01,2024-11-30,Riyadh,Saudi Arabia,https://www.mesce.org/,,,,In-Person,Asia/Riyadh,Added from requested 2024 conference list,2026-03-30,Unknown
NDC Oslo,High,Yes,Industry,Talks|Workshops,Partial,04-19,TBD,TBD,TBD,2026-09-14,2026-09-18,Oslo,Norway,https://ndcoslo.com/call-for-papers,,https://sessionize.com/ndc-oslo-2026/,,In-Person,Europe/Oslo,Official NDC Oslo 2026 site lists event dates (14-18 September 2026) and CFP deadline 04-19; Sessionize confirms speaker travel/accommodation coverage with exceptions,2026-03-30,Unknown
NDC Security,High,Yes,Industry,Talks|Trainings|Workshops,Yes,12-07,TBD,TBD,TBD,2026-03-02,2026-03-05,Oslo,Norway,https://ndc-security.com/,https://sessionize.com/ndc-security-2026,https://sessionize.com/ndc-security-2026,,In-Person,Europe/Oslo,Oslo 2026 Mar 2-5; CfP via Sessionize closes 12-07; workshops accepted; official ndc-security.com,2026-03-30,Mostly Fixed
NDC Toronto,Medium,Yes,Industry,Talks,Unknown,12-31,,,TBD,2026-05-01,2026-06-30,Toronto,Canada,https://sessionize.com/ndc-toronto-2026,,,,In-Person,America/Toronto,Vibe coding talk with Rico,2026-03-30,Unknown
NDSS Symposium,High,Yes,Academic,Talks,Unknown,08-06,,,TBD,2026-02-23,2026-02-27,San Diego,United States,https://www.ndss-symposium.org/ndss2026/submissions/call-for-papers/,,,,In-Person,America/Los_Angeles,2026 CFP is closed and fall cycle submission deadline was Aug 6 with 13-page main limit,2026-03-30,Mostly Fixed
NIC 2026,Medium,Unknown,Industry,Talks,Yes,08-10,TBD,TBD,TBD,2026-10-14,2026-10-15,Oslo,Norway,https://sessionize.com/nic-2026,,,,In-Person,Europe/Oslo,Nordic IT pro conference Oct 14-15 2026 Oslo Spektrum; masterclasses Oct 13; cloud automation security DevOps AI; 60 min English talks levels 300-400; CFP closes Aug 10 2026 per sessionize.com/nic-2026; travel and accommodation covered economy class; nicconf.com,2026-06-17,Fixed
No Hat,Medium,Unknown,Industry,,Yes,07-15,TBD,TBD,TBD,2026-10-10,2026-10-10,Bergamo,Italy,https://www.nohat.it/cfp,,,,In-Person,Europe/Rome,Catalog entry verified 2026-06-05,2026-06-05,Unknown
NOPcon,Medium,Unknown,Industry,,Yes,06-30,TBD,TBD,TBD,2026-09-17,2026-09-17,Istanbul,Turkey,https://nopcon.tr,,,,In-Person,Europe/Istanbul,Catalog entry verified 2026-06-05,2026-06-05,Unknown
NorthSec,High,Yes,Industry,Talks|Workshops|Trainings|CTF|Villages|Panels,Partial,TBD,TBD,TBD,TBD,2027-05-20,2027-05-21,Montreal,Canada,https://www.nsec.io/,https://nsec.io/training-sessions/,,,In-Person,America/Toronto,Community-run nonprofit applied security week Montreal; 2027 per https://www.nsec.io/ trainings May 17-19 conference May 20-21 48h CTF May 21-23 Bonsecours Market; 1500+ attendees; talks streamed YouTube; 2026 CfP closed https://nsec.io/cfp/ pretalx https://cfp.nsec.io/; limited speaker travel; no sponsored talks; LinkedIn https://www.linkedin.com/company/northsec/,2026-06-01,Fixed
Nullcon Berlin,High,Unknown,Industry,,Unknown,07-10,TBD,TBD,TBD,2026-11-05,2026-11-09,Berlin,Germany,https://bit.ly/49UTwfv,,,,In-Person,Europe/Berlin,Catalog entry verified 2026-06-05,2026-06-05,Unknown
Nullcon Goa,High,Yes,Industry,Talks|Workshops|Trainings,Yes,11-20,TBD,TBD,TBD,2026-02-28,2026-03-01,Goa,India,https://nullcon.net/goa-2026,https://nullcon.net/goa-2026,https://nullcon.net/,,In-Person,Asia/Kolkata,16th edition Feb 28-Mar 1 2026; CFP abstract deadline Nov 20 2025; Day Zero invite-only Feb 27; 2027 not yet announced,2026-04-01,Unknown
Oh My Hack,Medium,Yes,Industry,Talks|AI|Tech|Cybercrime|Threat Intelligence|Cyberwar,Unknown,03-15,TBD,TBD,TBD,2026-12-02,2026-12-02,Warsaw,Poland,https://omhconf.pl/,,,,In-Person,Europe/Warsaw,8th edition Dec 2 2026 PGE Narodowy Aleja Księcia Józefa Poniatowskiego 1; upgraded successor to What The H@ck; nonprofit Proidea organizer Kraków; program board Adam Haertle Zaufana Trzecia Strona; OMH 2025 1450 attendees 512 companies 65 speakers; registration Early Bird open omhconf.pl; CFP closed Mar 15 2026; https://www.linkedin.com/company/omhconf/,2026-06-01,Fixed
Open Security Conference,Medium,Unknown,Mixed,Talks|Workshops|Panels,Unknown,TBD,TBD,TBD,TBD,2026-11-05,2026-11-08,Rückersbach,Germany,https://opensecurityconference.org/,,,,In-Person,Europe/Berlin,osco 2026 Nov 5-8 SeminarZentrum Rückersbach; Open Space format no upfront CFP program co-created onsite plus keynotes; community international people-centred; pre-registration open full registration TBA ticket incl meals lodging max €700; #osco26; https://www.linkedin.com/company/open-security-conference/,2026-06-01,Fixed
OrangeCon,Medium,Unknown,Industry,Talks|Workshops|Trainings|Villages,No,03-31,TBD,TBD,TBD,2026-06-04,2026-06-04,Amsterdam,Netherlands,https://orangecon.nl/,https://orangecon.nl/trainings/,,,In-Person,Europe/Amsterdam,OC2026 nonprofit Dutch community infosec con; conference Jun 4 2026 Meervaart Amsterdam; paid trainings Jun 1-3; villages talks workshops; CfP https://pretalx.com/orangecon-2026/cfp closed Mar 31 2026 23:59 CEST; no travel or expenses; complimentary pass if accepted; https://www.linkedin.com/company/orangecon/,2026-06-01,Fixed
Out of The Box Jakarta,Medium,No,Industry,CTF,Unknown,TBD,TBD,TBD,TBD,TBD,TBD,Jakarta,Indonesia,https://ootb.net/jkt2026,,,,In-Person,Asia/Jakarta,Out Of The Box Jakarta HITB/Xynexis offensive security Grand Hyatt Jl MH Thamrin Menteng; site banner POSTPONED TO Q4 2026 due to Middle East situation affecting partners new dates TBA venue same; previously announced conference Apr 29-30 2026 trainings Apr 27-28 jeopardy CTF Apr 29-30 TCP/IP reception Apr 28; max_attendees 150; CFP was https://cfp.directory/events/out-of-the-box-2026-jakarta now removed close TBD; https://ootb.net/jkt2026; info@ootb.net,2026-10-04,Mostly Fixed
OWASP 25th Anniversary Virtual Conference,Medium,Yes,Industry,Talks,Unknown,TBD,TBD,TBD,TBD,2026-09-22,2026-09-22,Virtual,Global,https://owasp.org/events/,,,,Virtual,UTC,OWASP 25th anniversary virtual conference Sep 22 2026 per owasp.org/events; separate Feb 2026 virtual anniversary recording available on owasp.org,2026-07-03,Unknown
OWASP AppSec Days France,Medium,Unknown,Industry,Talks,Unknown,05-07,TBD,TBD,TBD,2026-09-24,2026-09-24,Paris,France,https://www.owaspappsecdays.fr/2026/index.html,,,,In-Person,Europe/Paris,First OWASP conference in Paris Sep 24 2026; 150+ expected; CFP closed May 7 2026; speakers posted tickets open per OWASP newsletter Jun 2026,2026-07-03,Unknown
OWASP AppSec Days India,Medium,Yes,Industry,Talks|Mentorship,Unknown,07-31,TBD,TBD,TBD,2026-11-21,2026-11-22,Virtual,India,https://sessionize.com/owasp-global-appsec-india-2026-cfp/,,,,Virtual,Asia/Kolkata,Virtual AppSec Days India Nov 21-22 2026; 1200+ expected; CFP open closes Jul 31 2026 per sessionize.com/owasp-global-appsec-india-2026-cfp; mentorship track; india.appsecdays.org,2026-07-03,Unknown
OWASP AppSec Days Middle East,Medium,Unknown,Industry,Talks,Unknown,TBD,TBD,TBD,TBD,TBD,TBD,TBD,Unknown,https://owasp.org/events/,,,,In-Person,Asia/Dubai,2026 edition October dates TBD per OWASP Events newsletter Jun 2026; watch owasp.org/events,2026-07-03,Unknown
OWASP AppSec Days Portugal,High,No,Industry,Talks|Workshops|Trainings|CTF,Unknown,05-09,04-24,TBD,TBD,2026-09-23,2026-09-24,Porto,Portugal,https://appsecdays.pt/,,https://appsecdays.pt/,,In-Person,Europe/Lisbon,AppSec Days Portugal Sep 23-24 2026 Porto Fundação António Cupertino de Miranda; 400+ attendees; CFP CfT closed May 9 and Apr 24 2026; schedule and early-bird tickets open per OWASP newsletter Jun 2026,2026-07-03,Fixed
OWASP AppSec Israel,High,Yes,Industry,Talks|Workshops,Unknown,03-06,TBD,TBD,TBD,2026-10-06,2026-10-06,Tel Aviv,Israel,https://appsecil.org/,,https://appsecil.org/,,In-Person,Asia/Jerusalem,AppSecIL 2026 Oct 6 Tel Aviv Expo Pavilion 10 date change per appsecil.org and OWASP newsletter Jun 2026; 1000+ attendees; CFP closed Mar 6 2026; registration open,2026-07-03,Fixed
OWASP BASC,Medium,No,Industry,Talks|Workshops,Unknown,01-11,TBD,TBD,TBD,2026-04-11,2026-04-11,Cambridge,United States,https://sessionize.com/owasp-basc-2026/,,https://owasp.org/events/,,In-Person,America/New_York,CFP closed Jan 11 2026; one-day event Apr 11 2026 at Boston Marriott Cambridge,2026-04-01,Unknown
OWASP BeNeLux Days,Medium,Unknown,Mixed,Talks|Trainings|Workshops,Unknown,TBD,TBD,TBD,TBD,2026-11-27,2026-11-28,Amsterdam,Netherlands,https://2026.owaspbenelux.eu/,,,,In-Person,Europe/Amsterdam,2026 Nov 27-28 per OWASP Events newsletter Jun 2026; annual rotation Belgium Netherlands; 2025 Dec 2-3 Mechelen Belgium; CFP not yet published; https://www.owaspbenelux.eu/,2026-07-03,Rotating
OWASP Frankfurt,Medium,No,Mixed,Talks|Workshops,Unknown,TBD,TBD,TBD,TBD,TBD,TBD,Frankfurt,Germany,https://owasp.org/www-chapter-frankfurt/,,https://owasp.org/www-chapter-frankfurt/,,In-Person,Europe/Berlin,Imported from provided conference history list,2026-03-30,Mostly Fixed
OWASP Global AppSec Europe,High,Yes,Mixed,Talks|Trainings|Workshops,Unknown,02-03,12-12,TBD,TBD,2026-06-22,2026-06-26,Vienna,Austria,https://owasp.glueup.com/event/owasp-global-appsec-eu-2026-vienna-austria-162243/,,https://sessionize.com/owasp-global-appsec-2026EU/,,In-Person,Europe/Vienna,Global AppSec EU 2026 Vienna Austria Centre Jun 22-26 trainings Jun 22-24 conference Jun 25-26; event concluded per OWASP newsletter Jun 2026; member recordings forthcoming,2026-07-03,Rotating
OWASP Global AppSec USA 2026,High,Yes,Mixed,Talks|Trainings|Workshops,Unknown,06-29,04-01,TBD,TBD,2026-11-05,2026-11-06,San Francisco,United States,https://sessionize.com/owasp-global-appsec-us-2026-cfp-SF/,https://sessionize.com/owasp-global-appsec-USA-SF-2026-c/,,,In-Person,America/Los_Angeles,Global AppSec US Nov 2-6 2026 San Francisco trainings Nov 2-4 conference Nov 5-6 Hyatt Regency Embarcadero; 800+ attendees OWASP 25th anniversary; CFP closed Jun 29 2026; trainings posted registration open per OWASP newsletter Jun 2026; CfT closed Apr 1 2026,2026-07-03,Rotating
OWASP Global AppSec USA 2027,High,Yes,Mixed,Talks|Trainings|Workshops,Unknown,TBD,TBD,TBD,TBD,2027-09-20,2027-09-24,Atlanta,United States,https://owasp.org/events/,,,,In-Person,America/New_York,OWASP Global AppSec USA 2027 Atlanta GA Sep 20-24 2027 per OWASP Foundation events calendar; US flagship rotates after 2026 San Francisco Nov 2025 Washington DC; venue CfP CfT GlueUp registration not yet published Jun 2026; expect trainings plus conference days similar to prior USA editions; watch owasp.org/events and globalappsec.org,2026-06-01,Rotating
OWASP Global AppSec Washington DC,High,Yes,Mixed,Talks|Trainings|Workshops,Unknown,06-24,03-16,TBD,TBD,2025-11-06,2025-11-07,Washington DC,United States,https://sessionize.com/owasp-global-appsec-USA-2025-cfp2,https://sessionize.com/owasp-global-appsec-us-2025-cft,https://globalappsec.org/,,In-Person,America/New_York,Official Sessionize pages show CFP closed June 24 2025 and CfT closed March 16 2025; conference Nov 6-7 with training Nov 3-5,2026-03-31,Rotating
OWASP Italy Day 2026,Medium,No,Mixed,Talks|Trainings|Workshops,Unknown,TBD,TBD,TBD,TBD,2026-06-18,2026-06-18,Cagliari,Italy,https://owasp.org/www-chapter-italy/events/OWASPItalyDay2026-06-18,,,,In-Person,Europe/Rome,Free one-day in-person AppSec AI security DevSecOps event Jun 18 2026 Emerson Beach Club Cagliari Sardinia; main program from 15:30; OWASP trainings Jun 17-18 plus morning workshop Jun 18; full speaker agenda published on official page no open CfP listed; dinner and DJ party 21:00,2026-06-05,Rotating
OWASP LASCON,Medium,Yes,Industry,Workshops,Unknown,06-08,06-08,TBD,TBD,2026-10-29,2026-10-30,Austin,United States,https://sessionize.com/owasp-lascon-2026/,https://sessionize.com/owasp-lascon-2026-training/,,,In-Person,America/Chicago,LASCON Oct 27-30 2026 Austin trainings Oct 27-28 conference Oct 29-30 Norris Conference Center; 400+ attendees; CFP CfT closed Jun 8 2026; registration open per OWASP newsletter Jun 2026,2026-07-03,Mostly Fixed
OWASP MAScon,Medium,No,Mixed,Talks,Unknown,02-03,TBD,TBD,TBD,2026-06-25,2026-06-25,Vienna,Austria,https://mas.owasp.org/news/2026/03/20/owasp-mascon-is-here/,,,,In-Person,Europe/Vienna,First OWASP MAS mobile app security conference within Global AppSec EU 2026 Austria Center Vienna; half-day track Thu Jun 25 2026 Sched MobileAppSecCon; parent event trainings Jun 22-24 conference Jun 25-26; CFP via sessionize.com/owasp-global-appsec-eu-2026-cfp-wash MOBILEAPPSECCON track closed Feb 3 2026; organizers Carlos Holguera and Sven Schleier; schedule owaspglobalappseceuvienna20.sched.com/2026-06-25/overview/type/MobileAppSecCon; distinct from masCon at next.app devCon Berlin Oct 2026,2026-06-01,Mostly Fixed
OWASP SnowFROC,Medium,No,Industry,Talks|Trainings|Workshops|CTF,Unknown,02-01,01-05,TBD,TBD,2026-04-16,2026-04-17,Denver,United States,https://sessionize.com/OWASP-SNOWFROC-2026/,https://sessionize.com/owasp-snowfroc-2026-training/,,,In-Person,America/Denver,SnowFROC Front Range OWASP Conference presented by Denver and Boulder OWASP chapters; first two-day edition Apr 16-17 2026 University of Denver Cable Center theme Taxing the Threat Actors; Apr 16 training day Apr 17 talks ~400 attendees; CFP Sessionize closed Feb 1 2026 CfT closed Jan 5 2026; main-stage CTF in sponsor hall electronic badges; 2026 concluded recordings https://snowfroc.com/; https://www.linkedin.com/company/snowfroc/,2026-06-01,Fixed
PAM,Medium,No,Academic,Talks,Unknown,10-15,,,TBD,2026-03-23,2026-03-25,Virtual,Austria,https://pam2026.at/cfp/,,,,Virtual,UTC,PAM 2026 was a fully virtual event Mar 23-25 2026 organized by IT:U Austria; paper deadline Oct 15 2025,2026-04-01,Rotating
PLDI,Medium,Yes,Academic,Talks,Unknown,11-13,,,TBD,2026-06-17,2026-06-19,Boulder,United States,https://pldi26.sigplan.org/dates,,,,In-Person,America/Denver,47th ACM SIGPLAN PLDI; workshops Jun 15-16 main conference Jun 17-19 2026 at Limelight Boulder CO; submission deadline Nov 13 2025,2026-04-01,Rotating
POC,High,Unknown,Industry,CTF,Yes,09-30,06-26,TBD,TBD,2026-11-12,2026-11-13,Seoul,South Korea,https://powerofcommunity.net/,,,,In-Person,Asia/Seoul,POC Power of Community 2026 Nov 12-13 Westin Seoul Parnas; trainings Nov 9-11; Korea first international hacking conference since 2006 by POC Security; CFP open Submit CFP modal closes Sep 30 2026 23:59:59 KST may close early when slots fill; CFT closed Jun 26 2026; speaker benefits round-trip airfare one team venue hotel honorarium meals after-party; reg opens Sep 1; pocadm@gmail.com @POC_Crew; also runs Zer0Con HackingCamp; https://pocsec.com/,2026-08-10,Mostly Fixed
POPL,Medium,Yes,Academic,Talks,Unknown,07-09,,,TBD,2027-01-10,2027-01-16,Mexico City,Mexico,https://popl27.sigplan.org/dates,,,,In-Person,America/Mexico_City,Research paper deadline Jul 9 2026 listed on official POPL 2027 dates page,2026-03-30,Rotating
Positive Hack Talks Kuala Lumpur,Low,Unknown,Industry,,Yes,04-15,TBD,TBD,TBD,2026-05-05,2026-05-05,Kuala Lumpur,Malaysia,https://phtalks.ptsecurity.com/kualalumpur,,,,In-Person,Asia/Kuala_Lumpur,Free technical community meetup by Positive Technologies May 5 2026 Pavilion Hotel Kuala Lumpur; offense-focused 40-min talks English with live Bahasa Melayu translation plus community stand-ups; CFP pretalx closed Apr 15 2026 https://cfp.phdays.com/positive-hack-talks-kuala-lumpur-2026/cfp; travel and hotel for approved speakers; 2026 edition concluded no 2027 KL dates announced; global PHT series rotates cities typically planned 2-3 months ahead prior stops Bengaluru Oct 2024 Hanoi Nov 2024 Cairo Feb 2025 Jakarta Jul 2025 São Paulo Dec 2025; phtalks@ptsecurity.com,2026-07-08,Rotating
PraSec,Medium,No,Industry,Panels,Yes,TBD,TBD,TBD,TBD,2026-09-10,2026-09-11,Prague,Czech Republic,https://reg.prasec.cz/prasec-100-call-papers,,,,In-Person,Europe/Prague,PraSec 100 Prague Security Conference 4th edition Sep 10-11 2026 invite-only free concluded; WarCon-inspired private Czech IT security; Chatham House no photos of people/slides; organizers Jan Marek Dan Petr; speakers flight up to 500 EUR and 1 hotel night up to 150 EUR plus speakers dinner Sep 9; CFP portal https://reg.prasec.cz/prasec-100-call-papers close date not published full agenda on site; venue Prague center disclosed 1-2 weeks prior; prior 2023 Oct 6-7 82 attendees 2024 Sep 13-14 103 2025 Sep 18-19 PraSec 11; https://prasec.cz/ https://prasec.cz/history.html,2026-10-04,Mostly Fixed
Qatar Information Security Conference,Low,Yes,Industry,Talks,Yes,TBD,,,TBD,2024-05-01,2024-05-31,Doha,Qatar,https://www.qatarinfosec.com/,,,,In-Person,Asia/Qatar,Added from requested 2024 conference list,2026-03-30,Unknown
QCon London,High,Yes,Industry,Talks|Workshops,Unknown,TBD,TBD,TBD,TBD,2026-03-16,2026-03-18,London,United Kingdom,https://www.qconlondon.com/,,https://www.qconlondon.com/,,In-Person,Europe/London,No CFP; speakers invited by track hosts via networks; conference was March 16-18 2026 at QEII Centre London,2026-04-01,Unknown
RAID,High,Yes,Academic,Talks,Unknown,04-16,,,TBD,2026-10-11,2026-10-14,Lancaster,United Kingdom,https://raid2026.org/,,,,In-Person,Europe/London,Paper submission deadline Apr 16 on official RAID 2026 site,2026-03-30,Rotating
RE:BOOT,Medium,No,Industry,Villages,Partial,10-20,TBD,TBD,TBD,2027-01-09,2027-01-09,Kuala Lumpur,Malaysia,https://reboot.by.rehack.xyz/cfp,,,,In-Person,Asia/Kuala_Lumpur,RE:BOOT 2027 technical-first community mini-conference by RE:HACK Consultancy No Hype Just Hacks; tentatively Sat Jan 9 2027 Kuala Lumpur venue TBC ~100-150 attendees; talks 15/30/45 min plus villages; CFP open Jul 31 closes Oct 20 2026 per official CFP and cfp.directory/events/re-boot; theme Fragmented Systems; double-blind review; complimentary ticket meals limited travel/accommodation depending budget; https://reboot.by.rehack.xyz/; https://cfp.directory/events/re-boot,2026-10-04,Unknown
Recon Village at DEF CON 34,High,Unknown,Industry,Villages,No,04-04,TBD,TBD,TBD,2026-06-15,2026-06-15,Las Vegas,United States,https://reconvillage.org/,,,,In-Person,America/New_York,Catalog entry verified 2026-06-05,2026-06-05,Unknown
Red Team Village at DefCon 34,Medium,Unknown,Industry,Villages,Unknown,06-01,TBD,TBD,TBD,2026-08-07,2026-08-09,Las Vegas,United States,https://sessionize.com/rtv-at-dc34/,,,,In-Person,America/New_York,Catalog entry verified 2026-06-05,2026-06-05,Unknown
RooCon Sydney,Low,Yes,Industry,Talks,Unknown,TBD,,,TBD,2026-11-05,2026-11-05,Sydney,Australia,https://roocon.org.au/,,,,In-Person,Australia/Sydney,Estimated from prior early-November pattern,2026-03-30,Unknown
RSAC USA,High,Yes,Industry,Talks|Trainings,Unknown,08-24,08-24,TBD,TBD,2026-03-23,2026-03-26,San Francisco,United States,https://www.rsaconference.com/usa/call-for-submissions,https://www.rsaconference.com/usa/call-for-submissions/faq,,,In-Person,America/Los_Angeles,RSAC 2026 Mar 23-26 Moscone SF; no separate CfT portal—track sessions and Learning Labs (2h hands-on trainings) via unified Call for Submissions opened Jul 24 closed Aug 24 2025 23:59 PT; FAQ https://www.rsaconference.com/usa/call-for-submissions/faq; RSAC 2027 Apr 5-8 2027,2026-06-01,Mostly Fixed
RVAsec,Medium,Yes,Industry,Talks|Workshops,Unknown,03-27,TBD,TBD,TBD,2026-06-09,2026-06-10,Richmond,United States,https://rvasec.com/cfp/,,https://rvasec.com/,,In-Person,America/New_York,Estimated from 2025 official CFP close date (03-23) and RVAsec site-published 2026 conference dates at Richmond Marriott,2026-06-05,Unknown
ScapyCon,Medium,No,Academic,,Unknown,TBD,TBD,TBD,TBD,2026-09-15,2026-09-16,Regensburg,Germany,https://forms.cloud.microsoft/e/STK4ADLkBA,,,,In-Person,Europe/Berlin,ScapyCon Automotive 3rd edition Sep 15-16 2026 TechBase Regensburg Franz-Mayer-Str 1 concluded; academic-relevant applied research community Scapy packet manipulation automotive IoT aviation defense; speakers research labs SBA Research Fraunhofer AISEC Bosch research NMFTA OTH Regensburg roots; mornings talks afternoons workshops demos roundtables Scapy-related required; unified CFP Microsoft Forms talks 30-60 min and 4hr workshops same portal close date not published agenda tickets live by May 19 2026; inaugural 2024 Sep 18-19 80+ attendees 2025 Sep 23-25; host dissecto GmbH; https://scapycon.com/ https://dissec.to/scapycon-automotive-2026/; https://www.sba-research.org/events/sba-scapycon/,2026-10-04,Fixed
SEC-T,High,Unknown,Industry,,Partial,07-26,TBD,TBD,TBD,2026-09-09,2026-09-11,Stockholm,Sweden,https://sec-t.org,,,,In-Person,Europe/Stockholm,Catalog entry verified 2026-06-05,2026-06-05,Unknown
SecAppDev,Medium,Yes,Mixed,Talks|Trainings|Workshops,Unknown,TBD,TBD,TBD,TBD,2026-06-01,2026-06-05,Leuven,Belgium,https://secappdev.org/,https://secappdev.org/course/,,,In-Person,Europe/Brussels,20th edition Jun 1-5 2026 Faculty Club Groot Begijnhof Leuven; week-long immersive secure application development course nonprofit since 2005; no open CfP curated faculty 18 experts 2 keynotes 20 sessions 4 one-day workshops; 2026 in progress; registration https://ti.to/secappdev/secappdev2026; https://www.linkedin.com/company/secappdev/,2026-06-01,Fixed
SECCON,Medium,Yes,Industry,CTF|Workshops|Talks,Unknown,TBD,TBD,TBD,TBD,2024-12-01,2024-12-31,Tokyo,Japan,https://seccon.jp/,,https://seccon.jp/,,In-Person,Asia/Tokyo,Added from requested 2024 conference list,2026-03-30,Unknown
SecNerdsCon,Low,No,Industry,,Unknown,TBD,TBD,TBD,TBD,2026-05-30,2026-05-30,San Francisco,United States,https://secnerdssf.com/thecon,,,,In-Person,America/Los_Angeles,SecNerds The Conference community SF infosec May 30 2026 James Bong Building 833 Market St suite 400 concluded; full agenda on https://secnerdssf.com/thecon; no talk CfP close date on official site (LinkedIn promo cited Mar 1 2026); tickets Luma; artists form https://forms.gle/UQn6uSjkLxJ98k6c7; org https://secnerdssf.com/; cfp.directory/organizations lead,2026-10-04,Fixed
SecTor,Medium,Yes,Industry,Talks,Yes,05-26,TBD,TBD,TBD,2026-10-06,2026-10-08,Toronto,Canada,https://sectorcfp.blackhat.com/,,,,In-Person,America/Toronto,SecTor 2026 Black Hat briefings Oct 7-8 Metro Toronto Convention Centre; event Oct 6-8; CFP opened Apr 1 closed May 26 2026 23:59 ET; notifications by Jul 24; speaker benefits per Black Hat briefings policy; cfp@blackhat.com; no public workshop CfP,2026-06-01,Mostly Fixed
Security Camp Japan,Medium,No,Industry,Trainings|Workshops,Yes,TBD,TBD,TBD,TBD,2024-08-01,2024-08-31,Tokyo,Japan,https://security-camp.jp/,https://security-camp.jp/,https://security-camp.jp/,,In-Person,Asia/Tokyo,Added from requested 2024 conference list,2026-03-30,Unknown
Security unter Kontrolle,Medium,Unknown,Industry,Talks,Unknown,09-15,TBD,TBD,TBD,2027-03-02,2027-03-03,Duisburg,Germany,https://atpinfo.de/security-unter-kontrolle-call-for-contributions/,,,,In-Person,Europe/Berlin,SuK 4th edition Mar 2-3 2027 Gebläsehallenkomplex Landschaftspark Duisburg Nord; German OT/industrial automation security congress Vulkan-Verlag admeritia; CfC open until Sep 15 2026 email info@security-unter-kontrolle.de 30 min talks German; 2026 Mar 17-18 concluded 3rd edition; https://www.linkedin.com/company/security-unter-kontrolle/,2026-06-01,Fixed
SINCON,Medium,Yes,Industry,Talks|Workshops|Trainings,Unknown,TBD,TBD,TBD,TBD,2026-10-15,2026-10-16,Singapore,Singapore,https://www.infosec-city.com/,,,,In-Person,Asia/Singapore,Infosec In the City SINCON Singapore premier techno-centric cybersecurity conference; Oct 15-16 2026 tentative per official site; specialised training info soon; Kampungs keynotes workshops; IIC Productions Div0 community; formerly IICSG; 2025 concluded May 22-23; CFP 2026 not published conference@infosec-city.com; https://www.linkedin.com/company/infoseccity/,2026-06-01,Fixed
SLEUTHCON,Medium,Yes,Mixed,,Unknown,04-17,TBD,TBD,TBD,2026-06-05,2026-06-05,Arlington,United States,https://www.sleuthcon.com/,,,,Hybrid,America/New_York,One-day cybercrime and financially-motivated threats forum Jun 5 2026 Hyatt Regency Crystal City Arlington; hybrid ~500 in-person ~500+ virtual; CFP closed Apr 17 2026 email submissions per sleuthcon.com/submission-guidelines; Thomas Roccia keynote; https://www.linkedin.com/company/sleuthcon/,2026-06-05,Mostly Fixed
SmashingConf New York,Medium,Yes,Industry,Talks|Workshops,Yes,TBD,TBD,TBD,TBD,2024-10-07,2024-10-10,New York,United States,https://smashingconf.com/,,https://smashingconf.com/,,In-Person,America/New_York,Added from requested 2024 conference list,2026-03-30,Unknown
SpiceWorld 2026,Medium,Unknown,Industry,,Unknown,05-02,TBD,TBD,TBD,2026-06-28,2026-06-29,Austin,United States,https://www.spiceworks.com/spiceworld/,,,,In-Person,America/New_York,Catalog entry verified 2026-06-05,2026-06-05,Unknown
Swiss Cyber Storm,Medium,Yes,Industry,Talks,Unknown,TBD,,,TBD,2026-10-20,2026-10-20,Bern,Switzerland,https://swisscyberstorm.com/,,,,In-Person,Europe/Zurich,Estimated from 2025 official event info: conference date published but no public CFP process exposed,2026-03-30,Mostly Fixed
Techorama Belgium,Medium,Yes,Industry,Talks|Workshops,Yes,01-30,TBD,TBD,TBD,2026-05-11,2026-05-13,Antwerp,Belgium,https://sessionize.com/techorama-2026-belgium/,,https://sessionize.com/techorama-2026-belgium/,,In-Person,Europe/Brussels,Public CFP closes January 30 2026,2026-03-30,Unknown
Techorama Netherlands,Medium,Yes,Industry,Talks|Workshops|Keynotes,Yes,05-29,TBD,TBD,TBD,2026-10-26,2026-10-28,Utrecht,Netherlands,https://sessionize.com/techorama-2026-netherlands/,,https://www.techorama.nl/,,In-Person,Europe/Amsterdam,Techorama 2026 NL Medieval Edition Oct 26-28 Utrecht; workshops Oct 26 Van der Valk conference Oct 27-28 Kinepolis Jaarbeurs; CFP Sessionize opened Feb 17 closed May 29 2026 19:00 CEST; breakout sessions keynotes and full-day workshops; Microsoft-focused dev conference; speaker travel and hotel per Sessionize,2026-06-01,Mostly Fixed
TenguCon Japan,Low,Yes,Industry,Talks,Unknown,TBD,,,TBD,2026-11-21,2026-11-22,Tokyo,Japan,https://tengucon.org/,,,,In-Person,Asia/Tokyo,Added from backlog list,2026-03-30,Unknown
The Web Conference,High,Yes,Mixed,Talks|Workshops,Unknown,10-07,TBD,10-20,TBD,2026-06-29,2026-07-03,Dubai,United Arab Emirates,https://www2026.thewebconf.org/important-dates.html,,https://www2026.thewebconf.org/calls.html,,In-Person,Asia/Dubai,Official WebConf 2026 homepage lists Dubai venue and updated conference dates June 29 to July 3 2026,2026-03-31,Rotating
THOTCON,Low,Yes,Industry,Talks,Unknown,TBD,,,TBD,TBD,TBD,Chicago,United States,https://thotcon.org/,,,,In-Person,America/Chicago,Added from backlog list,2026-03-30,Unknown
THREAT CON,Low,Unknown,Industry,Talks|Workshops|CTF|Panels,Yes,06-25,TBD,TBD,TBD,2023-09-11,2023-09-13,Kathmandu,Nepal,https://threatcon.io/,https://2023.threatcon.io/cfp,,,In-Person,Asia/Kathmandu,Nepal annual infosec conference by ThreatNix since 2018 Black Hat/DEF CON style community event; fifth edition Sep 11-13 2023 NPT Hotel Yak & Yeti Durbar Marg Kathmandu three-day talks workshops CTF arsenal sessions; HackerOne sponsored; CFP closed Jun 25 2023 per 2023.threatcon.io/cfp speakers 2-night accommodation dinner; no 2025 or 2026 edition announced Jun 2026 threatcon.io series landing only; www.threatcon.io is ThreatNix corporate site; not US ThreatCon1 or South Africa THREAT supply-chain conference; https://www.linkedin.com/company/threat-con/,2026-06-01,Mostly Fixed
ThreatModCon San Francisco,Medium,No,Mixed,Talks|Workshops|Panels,No,TBD,TBD,TBD,TBD,2026-11-06,2026-11-07,San Francisco,United States,https://www.threatmodcon.com/san-francisco-2026,,,,In-Person,America/Los_Angeles,Only conference dedicated to threat modeling and secure-by-design; Nov 6-7 2026 Hyatt Regency San Francisco timed after OWASP Global AppSec USA; official site CFP opens Jun 22 2026 Sessionize portal not yet published close date TBD; formats technical talks Show and Tell Mastermind workshops Un-Keynote poster sessions; accepted speakers get complimentary pass no travel or lodging per prior editions,2026-06-01,Rotating
ThreatModCon Vienna,Medium,No,Mixed,Talks|Workshops|Panels,No,03-13,TBD,TBD,TBD,2026-06-26,2026-06-27,Vienna,Austria,https://sessionize.com/threatmodcon-2026-vienna/,,,,In-Person,Europe/Vienna,Only conference dedicated to threat modeling and secure-by-design; Jun 26-27 2026 Meliá Vienna after OWASP Global AppSec EU Jun 22-26; Sessionize CFP closed Mar 13 2026; ~120 delegates practitioner-led vendor-neutral; Briefings and Sandbox tracks include Show and Tell Mastermind hands-on workshops; free pass for speakers no travel or lodging; Threat Modeling Connect flagship event,2026-06-01,Rotating
TRISS,Medium,Unknown,Industry,Workshops,Unknown,07-23,TBD,TBD,TBD,2026-10-22,2026-10-22,Pittsburgh,United States,https://docs.google.com/forms/d/e/1FAIpQLSdtQyZMLAZ-Hko_JhcF8VGj_JfsHGDYlKb8cBG0DQOZnlWnyw/viewform,,,,In-Person,America/New_York,Catalog entry verified 2026-06-05,2026-06-05,Unknown
Troopers,High,Yes,Industry,Talks|Trainings,Yes,03-31,03-31,TBD,TBD,2026-06-22,2026-06-26,Heidelberg,Germany,https://www.troopers.de/troopers26/contribute/,https://cfp.troopers.de/tr26-cft/cfp,,,In-Person,Europe/Berlin,CfP deadline Mar 31 and CfT deadline Mar 31 2026 at 23:59 Berlin; trainings Jun 22-23 conference Jun 24-25 at Print Media Academy Heidelberg,2026-04-01,Unknown
TyphoonCon,High,No,Industry,CTF,Yes,03-01,02-01,TBD,TBD,2026-05-24,2026-05-29,Seoul,South Korea,https://typhooncon.com/call-for-papers-2026/,https://typhooncon.com/call-for-training-2026/,,,In-Person,Asia/Seoul,TyphoonCon 2026 8th edition offensive security by SSD Secure Disclosure; week May 24-29 Moxy Seoul Myeongdong Eventbrite; trainings May 24-27 or 25-27 talks May 28-29; ~150+ attendees; CFP closed Mar 1 2026 08:00 KST also cfp.directory/events/typhooncon-2026; CFT closed Feb 1 2026 08:00 KST; speakers hotel 3 nights airfare up to USD 1500 trainers 4 nights; TyphoonPWN live hacking May 28 on-site and remote prizes up to ~500k; founded 2018 Hong Kong typhoon name later Seoul; 2026 concluded; tickets https://www.eventbrite.com/e/typhooncon-2026-tickets-1968561639857; https://typhooncon.com/,2026-08-10,Mostly Fixed
USENIX HotSec,Medium,No,Academic,Talks,Unknown,TBD,,,TBD,TBD,TBD,TBD,United States,https://www.usenix.org/conferences/byname/108,,,,In-Person,America/New_York,Track annual USENIX security workshop cycle when official HotSec page posts dates,2026-03-30,Mostly Fixed
USENIX Security,High,Yes,Academic,Talks,Unknown,02-05,,,TBD,2026-08-12,2026-08-14,Baltimore,United States,https://www.usenix.org/conference/usenixsecurity26/call-for-papers,,,,In-Person,America/New_York,Official USENIX Security 26 CFP confirms Baltimore dates (Aug 12-14 2026) and cycle 2 paper deadline Feb 5 AoE,2026-03-31,Mostly Fixed
USENIX WOOT,Medium,No,Academic,Talks,Unknown,03-03,,,TBD,2026-08-10,2026-08-11,Baltimore,United States,https://www.usenix.org/conference/woot26/call-for-papers,,,,In-Person,America/New_York,Two submission cycles and cycle 2 deadline Mar 3 AoE on official CFP,2026-03-30,Mostly Fixed
UYBHYS,Medium,Unknown,Industry,,Partial,07-06,TBD,TBD,TBD,2026-11-06,2026-11-07,Brest,France,https://www.unlockyourbrain.bzh,,,,In-Person,Europe/Paris,Catalog entry verified 2026-06-05,2026-06-05,Unknown
Visual Studio Live! VSLive!,Medium,Yes,Industry,Talks|Trainings|Workshops,Yes,TBD,TBD,TBD,TBD,2024-11-17,2024-11-22,Orlando,United States,https://vslive.com/,https://vslive.com/,https://vslive.com/,,In-Person,America/New_York,Added from requested 2024 conference list,2026-03-30,Unknown
VULNCON,Medium,Unknown,Industry,Villages,Unknown,04-25,TBD,TBD,TBD,2026-06-12,2026-06-13,Bengaluru,India,https://vulncon.in/events/vulncon2026/cfp,,,,In-Person,Asia/Kolkata,VULNCON 2026 technical offensive security conference Jun 12-13 NIMHANS Convention Centre Bengaluru concluded; CFP opened Jan 15 closed Apr 25 2026 results May 15; Arsenal villages workshops CXO panels; partner Byt3con trainings separate venue; Equifense Technologies; https://vulncon.in/events/vulncon2026; contact@vulncon.in,2026-10-04,Unknown
W2SP,Medium,No,Academic,Talks|Workshops,Unknown,TBD,TBD,TBD,TBD,TBD,TBD,TBD,United States,https://www.ieee-security.org/TC/SPW/,,https://www.ieee-security.org/TC/SPW/,,In-Person,America/Los_Angeles,Co-located web security workshop family with IEEE S and P and yearly CFP varies,2026-03-30,Mostly Fixed
WeAreDevelopers World Congress,High,Yes,Industry,Talks,Unknown,02-19,TBD,TBD,TBD,2026-07-08,2026-07-10,Berlin,Germany,https://sessionize.com/wearedevelopers-world-congress-2026-europe/,,,,In-Person,Europe/Berlin,CFP opened Sep 30 2025 closed Feb 19 2026; conference Jul 8-10 2026 at Messe Berlin CityCube,2026-04-01,Unknown
Web Summit Qatar,Medium,Yes,Industry,Talks,Unknown,TBD,,,TBD,2027-01-31,2027-02-03,Doha,Qatar,https://websummit.com/qatar/,,,,In-Person,Asia/Qatar,Speaker invite/application model; no traditional CFP; 2027 edition Jan 31-Feb 3 2027 Doha; 2026 edition already concluded Feb 1-4 2026,2026-04-01,Unknown
WICCON,Medium,Unknown,Industry,,Unknown,06-30,TBD,TBD,TBD,2026-10-29,2026-10-30,Haarlem,Netherlands,https://wiccon.nl/,,,,In-Person,Europe/Amsterdam,Catalog entry verified 2026-06-05,2026-06-05,Unknown
Wild West Hackin' Fest,Medium,Unknown,Industry,,Unknown,06-06,TBD,TBD,TBD,2026-10-07,2026-10-09,Deadwood,United States,https://wkf.ms/4tedY2h,,,,In-Person,America/Denver,Catalog entry verified 2026-06-05,2026-06-05,Unknown
World Conference on Cyber Security and Ethical Hacking,Low,Yes,Academic,Talks,Yes,09-28,,,TBD,2024-10-23,2024-10-24,Tokyo,Japan,https://waset.org/,,,,In-Person,Asia/Tokyo,Added from requested 2024 conference list,2026-03-30,Unknown
x33fcon,High,No,Industry,Talks|Trainings|Workshops,Unknown,02-02,01-12,02-02,TBD,2026-06-11,2026-06-12,Gdynia,Poland,https://www.papercall.io/x33fcon-conference-2026,https://www.papercall.io/x33fcon-training-2026,https://www.papercall.io/x33fcon-workshops-2026,,In-Person,Europe/Warsaw,x33fcon 2026 10th edition purple teaming red-blue collaboration; conference Jun 11-12 trainings Jun 8-10 Gdynia Aleja Zwyciestwa 96/98 and online tickets via Konfeo; PaperCall CFP talks closed Feb 2 2026 UTC CFT Jan 12 workshops Feb 2; 40 min talks 1-3 day trainings 1-3 hr workshops; tickets early bird sold out last-minute until May 31 2026; GoUp4 organizer; https://x33fcon2026.konfeo.com/; https://www.linkedin.com/company/x33fcon/,2026-06-01,Mostly Fixed
Zer0Con,High,No,Industry,,Unknown,02-22,01-01,TBD,TBD,2026-04-02,2026-04-03,Seoul,South Korea,https://zer0con.org/,,,,In-Person,Asia/Seoul,Zer0Con 2026 closed invite-only vuln research conference Apr 2-3 Fairmont Ambassador Hotel Seoul Yeouido; ~120 seats vetted registration USD 1500; trainings Mar 30-Apr 1; CFP closed Feb 22 2026 CFT closed Jan 1 2026 per POC Security announcements; materials shared only among speakers attendees sponsors; 10th anniversary 2026 concluded; organizer POC Security zer0conadm@gmail.com; https://pocsec.com/,2026-08-10,Mostly Fixed
